trial_id,fold_id,sample_role,ticker,sector,signal_date,entry_date,exit_date,exit_reason,exit_session_offset,entry_price_vnd,exit_price_vnd,target_vnd,downside_vnd,grid_distance_fraction,gap_down_exit,target_first,net_pnl_vnd,net_return,double_cost_net_pnl_vnd,double_cost_net_return,residual_z5,residual_1,residual_5,residual_slope20,downside_semivol20,residual_ar1_20,ticker_return5,market_return5,atr20_fraction,log_median_value60,predicted_probability,base_probability,estimated_ev_vnd,selected,selection_rank
TRIAL6-HSX-POOLED-MEAN-REVERSION-EDGE,wf_01,oos,MWG,consumer_retail,2023-01-04,2023-01-05,2023-01-09,downside_touch,2,43900,42583,45217,42583,0.03,False,False,-153228,-0.03483414067693192,-174853,-0.039670948907825444,-0.7967376469178213,-0.012667444239609324,-0.031373923447233575,-0.0008065234240289351,0.012147233668877176,-0.23533083829640006,-0.006353804952302311,0.02269430818888833,0.04187192118226601,25.01950293878408,0.6892672668274574,0.3614457831325301,49545.64790451375,True,1
TRIAL6-HSX-POOLED-MEAN-REVERSION-EDGE,wf_01,oos,VND,securities,2023-02-02,2023-02-03,2023-02-07,downside_touch,2,15150,14696,15604,14696,0.03,False,False,-52846,-0.03481121473656752,-60290,-0.0396370927977384,-2.150240845139557,-0.030946373796565962,-0.07514743906252384,-0.0006493418852035652,0.012519778769226005,-0.3451714683171404,-0.1004385421571855,-0.01757736478133085,0.04399243140964996,25.625914354965143,0.7704732916274125,0.3614457831325301,71653.04703465436,True,1
TRIAL6-HSX-POOLED-MEAN-REVERSION-EDGE,wf_01,oos,SSI,securities,2023-02-07,2023-02-08,2023-02-08,downside_touch,0,19400,18818,19982,18818,0.03,False,False,-67714,-0.03483388136911547,-77226,-0.0396493141232391,-1.2298619086520168,-0.006462547264596323,-0.032075760786483686,-0.00019400787212764105,0.008078562716021895,-0.4049737412037023,-0.12182251840683844,-0.06449351410625077,0.04174478190226221,25.70787715925348,0.7062915886339116,0.3614457831325301,54180.32221620899,True,1
TRIAL6-HSX-POOLED-MEAN-REVERSION-EDGE,wf_01,oos,MWG,consumer_retail,2023-02-10,2023-02-13,2023-02-15,target,2,42100,43363,43363,40837,0.03,False,True,104847,0.024854578185471425,83497,0.019753986604186622,-1.8522681722943297,-0.03544704784428822,-0.1095714401836996,-0.0005357030295615614,0.0171163602343694,0.1941840597086394,-0.12502722151192303,-0.017427652144248525,0.03568600837009388,24.817816252979163,0.695222790131688,0.3614457831325301,51166.97010369559,True,1
TRIAL6-HSX-POOLED-MEAN-REVERSION-EDGE,wf_02,oos,MWG,consumer_retail,2023-03-08,2023-03-09,2023-03-14,downside_touch,3,39600,38412,40788,38412,0.03,False,False,-138241,-0.03483946215961268,-157679,-0.039658773427447225,-1.6289507213832555,-0.017256911517479066,-0.04411653877523358,-0.00029878393463954897,0.012366042005451893,-0.22036883408553484,-0.034529870029261,0.015760169589540678,0.030879864636209817,24.5015040462175,0.5190143367189117,0.3884297520661157,2358.040457756615,True,1
TRIAL6-HSX-POOLED-MEAN-REVERSION-EDGE,wf_02,oos,TCB,banks,2023-03-10,2023-03-13,2023-03-15,target,2,26550,27279,27279,25821,0.02744891695167938,False,True,59400,0.022328443128628372,45901,0.017219291338434986,-0.9459418129809641,-0.0180081518788282,-0.02330385892033145,-0.00047948637987626374,0.008222879996573493,-0.4568344072274054,0.013562699697820535,0.03586313572479412,0.02744891695167938,24.523185422123653,0.5363258595124906,0.3884297520661157,6609.991975991987,True,1
TRIAL6-HSX-POOLED-MEAN-REVERSION-EDGE,wf_02,oos,TCB,banks,2023-03-22,2023-03-23,2023-03-28,target,3,26200,26890,26890,25510,0.026354053071610324,False,True,55748,0.021235456523461545,42400,0.016118804714598315,-0.7849331708724024,-0.009742326575966674,-0.01963637448145585,-0.0005564324084001589,0.00919953686718411,-0.305180237194184,-0.03717489207807734,-0.018506789091704372,0.026354053071610324,24.463712963427817,0.5812813474519398,0.3884297520661157,17651.687006313274,True,1
TRIAL6-HSX-POOLED-MEAN-REVERSION-EDGE,wf_02,oos,MWG,consumer_retail,2023-03-22,2023-03-23,2023-03-28,target,3,37600,38728,38728,36472,0.03,False,True,93680,0.024865011494228467,74464,0.019725087421733675,-1.9705043727585139,-0.017944223465459506,-0.039967042310256065,0.0001234200359875637,0.010242387182251627,-0.3268625218253832,-0.05178195047954026,-0.016883782602652934,0.031118639814291988,24.362014610049563,0.5378508036985477,0.3884297520661157,6984.539543207429,True,2
TRIAL6-HSX-POOLED-MEAN-REVERSION-EDGE,wf_02,oos,PNJ,consumer_retail,2023-04-07,2023-04-10,2023-04-11,target,1,76600,78050,78050,75150,0.018923124805477747,False,True,106301,0.013849759019065844,67511,0.008778261233075832,-0.844302550926589,-0.004477673132026027,-0.02103189236866958,-0.00036046512530436684,0.008908960580112287,-0.3224235805450832,-0.015423352352644137,0.01730816234564858,0.018923124805477747,23.352352192638293,0.8602540586312957,0.3884297520661157,86171.27693431631,True,1
TRIAL6-HSX-POOLED-MEAN-REVERSION-EDGE,wf_03,oos,PNJ,consumer_retail,2023-05-10,2023-05-11,2023-05-18,downside_touch,5,75200,73905,76495,73905,0.017223910840932118,False,False,-166753,-0.022130205282328563,-203897,-0.027005931856104344,-1.4011275925678257,-0.007119246616699645,-0.02595645213089825,-0.000501543473748535,0.005494274514246824,0.07185061044149721,-0.023554833576512668,0.009489546862816209,0.017223910840932118,23.31660527811632,0.746964121228922,0.4744897959183674,40385.09168048113,True,1
TRIAL6-HSX-POOLED-MEAN-REVERSION-EDGE,wf_03,oos,VCB,banks,2023-05-15,2023-05-16,2023-05-18,target,2,92000,93400,93400,90600,0.015215246403905073,False,True,93555,0.010148716584112635,47219,0.005112036296442891,-0.8372429207959841,-0.01152959507757652,-0.021236530164969902,-9.601495973128927e-05,0.0064199335703765065,-0.13195742018330225,-0.013719946289368568,0.021338615937480925,0.015215246403905073,24.316494978417406,0.5867550724029904,0.4744897959183674,5117.489542563439,True,1
TRIAL6-HSX-POOLED-MEAN-REVERSION-EDGE,wf_03,oos,TCB,banks,2023-06-09,2023-06-12,2023-06-14,target,2,32250,32921,32921,31579,0.020796590241034685,False,True,50834,0.015731067264129924,34471,0.01064614709910945,-0.7945448224521333,0.0029260293983602026,-0.02254738680247656,-0.00042190220209231634,0.0056500158298088,-0.16690729847772076,0.007102317057065655,0.02545641419444438,0.020796590241034685,24.62205384490555,0.5842184346985159,0.4744897959183674,4559.087067890177,True,1
TRIAL6-HSX-POOLED-MEAN-REVERSION-EDGE,wf_04,oos,VND,securities,2023-07-10,2023-07-11,2023-07-14,target,3,17700,18231,18231,17169,0.03,False,True,44089,0.024859096639745237,35078,0.019738733846712226,-1.849933246825095,-0.02053182137346609,-0.08455849848953156,-0.0014509920874741574,0.018519093597507093,0.37722138082629764,-0.05685088637911939,0.018693402287912768,0.03809523809523809,25.975365584990076,0.6272085367106134,0.5205992509363296,2693.577841177437,True,1
TRIAL6-HSX-POOLED-MEAN-REVERSION-EDGE,wf_04,oos,VPB,banks,2023-07-12,2023-07-13,2023-07-17,target,2,19900,20308,20308,19492,0.02047740215679147,False,True,30739,0.015415855477420604,20680,0.010350474680376542,-1.273551769502669,-0.009638332346462882,-0.026497151462291674,-0.00011882288274337873,0.006257437771791453,-0.23879140900929213,-0.014673400848910334,0.017363705605388947,0.02047740215679147,25.158285310026884,0.6404515048344998,0.5205992509363296,5352.951788339538,True,1
TRIAL6-HSX-POOLED-MEAN-REVERSION-EDGE,wf_04,oos,TCB,banks,2023-07-21,2023-07-24,2023-07-25,target,1,32450,32983,32983,31917,0.016438154209052043,False,True,36988,0.011375777725152008,20580,0.0063168653860025265,-0.9200709765600512,-0.01091793255796921,-0.01941311280957019,-0.00014053679476927873,0.008824765639529615,-0.16612299782114848,0.011129523750246562,0.02770264972818956,0.016438154209052043,24.78048166297143,0.6234393406524767,0.5205992509363296,1936.6703484625032,True,1
TRIAL6-HSX-POOLED-MEAN-REVERSION-EDGE,wf_04,oos,HPG,materials,2023-08-01,2023-08-02,2023-08-03,downside_touch,1,27400,26793,28007,26793,0.022164502164502164,False,False,-74207,-0.0270284741061048,-87711,-0.03188414963968523,-1.0263091219247096,-0.017912739945955537,-0.030304150514808392,-0.0009128423326400103,0.007096273040557486,0.2048281456964186,-0.02656765618734358,0.009821212562080524,0.022164502164502164,26.077617222244648,0.688679994615259,0.5205992509363296,15037.909724814977,True,1
TRIAL6-HSX-POOLED-MEAN-REVERSION-EDGE,wf_04,oos,VPB,banks,2023-08-14,2023-08-15,2023-08-16,target,1,21950,22448,22448,21452,0.022670571645514698,False,True,38696,0.017593937239075853,27595,0.012521599134582574,-1.1111542269270236,-0.0125479210009448,-0.026781750725712095,-0.0007356391444394264,0.005777951946800351,-0.2246237504233407,-0.031154276762630162,-0.006379355860196643,0.022670571645514698,25.630120755195,0.6494535945541356,0.5205992509363296,7160.697804675176,True,1
TRIAL6-HSX-POOLED-MEAN-REVERSION-EDGE,wf_05,oos,VND,securities,2023-09-08,2023-09-11,2023-09-12,target,1,23800,24514,24514,23086,0.03,False,True,59303,0.024867366775524032,47108,0.019714196874972535,-0.9519540521446728,-0.00477893634932094,-0.03946966243521739,-0.000963032596846174,0.006841491114237956,-0.3415829858873973,0.006640741402944128,0.030732590678547736,0.03503473270915131,26.128294877177012,0.7395618785182064,0.5487012987012987,22585.170542614786,True,1
TRIAL6-HSX-POOLED-MEAN-REVERSION-EDGE,wf_05,oos,HPG,materials,2023-09-13,2023-09-14,2023-09-18,downside_touch,2,28400,27550,29250,27550,0.02992957746478873,False,False,-98946,-0.034770819584335734,-112889,-0.03959172708295924,-1.2178893442185732,-0.00983574024923408,-0.03439765514832382,0.00046026236168275706,0.009479042970484602,-0.2265432761802461,-0.02005371940058398,0.015870533764124232,0.02992957746478873,26.25168125610772,0.7589947281132796,0.5487012987012987,26368.322106190208,True,1
TRIAL6-HSX-POOLED-MEAN-REVERSION-EDGE,wf_05,oos,VPB,banks,2023-09-20,2023-09-21,2023-09-22,downside_touch,1,21700,21181,22219,21181,0.02391824309632529,False,False,-62650,-0.028813115785494288,-73297,-0.033642276624270155,-0.8398188217642473,-0.008170534298721686,-0.024184475764338263,0.00039832774684609774,0.009553830073072901,-0.0772538589388116,-0.024555783838125733,-0.0004218751479371734,0.02391824309632529,25.728127562693455,0.7153991736697705,0.5487012987012987,17881.21942209835,True,1
TRIAL6-HSX-POOLED-MEAN-REVERSION-EDGE,wf_05,oos,VND,securities,2023-09-28,2023-09-29,2023-10-03,downside_touch,2,21300,20661,21939,20661,0.03,False,False,-74360,-0.03484051188752081,-84816,-0.039661519123720596,-1.7011889058663745,-0.043652340985538024,-0.07612384071553879,-0.0007975315746987137,0.014941266945821144,-0.11382496305488685,-0.13208651892129297,-0.03094949858279751,0.04795837574934962,26.091016153132802,0.6434269815676853,0.5487012987012987,3869.80489676875,True,1
TRIAL6-HSX-POOLED-MEAN-REVERSION-EDGE,wf_05,oos,HPG,materials,2023-09-28,2023-09-29,2023-10-03,downside_touch,2,26800,25996,27604,25996,0.03,False,False,-93517,-0.03482524628331351,-106733,-0.03966666518009119,-0.9556606055308059,0.004313831846889075,-0.028381479212047082,-0.0001731809014288502,0.008987976208013039,-0.19663264866945349,-0.06343516770788737,-0.03857742649539813,0.03383458646616541,26.263039252805594,0.6364222731970673,0.5487012987012987,2506.1411018607905,True,2
TRIAL6-HSX-POOLED-MEAN-REVERSION-EDGE,wf_05,oos,TCB,banks,2023-10-10,2023-10-11,2023-10-16,downside_touch,3,32650,31865,33435,31865,0.02402930402930403,False,False,-94562,-0.028904783738346325,-110722,-0.033776221322989956,-0.9083845156532412,0.008685407916508821,-0.02497272438975702,3.0294087348070347e-05,0.008604598619219805,-0.028954329140376028,0.00023696074825230173,0.03739298484938801,0.02402930402930403,24.94057944567589,0.6475404246819011,0.5487012987012987,4670.602467556797,True,1
TRIAL6-HSX-POOLED-MEAN-REVERSION-EDGE,wf_07,oos,SSI,securities,2024-01-22,2024-01-23,2024-01-31,target,6,34000,34663,34663,33337,0.0194964583771653,False,True,49135,0.014422612637126362,31876,0.009337914993218323,-1.4741097862312715,0.0019581759151292245,-0.02647463943089697,-3.386041479280357e-05,0.008926923859587299,-0.04734324934126855,0.028546597139390006,0.0312509087609851,0.0194964583771653,26.387330039353998,0.9258636923037977,0.5890909090909091,47626.22702654355,True,1
TRIAL6-HSX-POOLED-MEAN-REVERSION-EDGE,wf_07,oos,FPT,technology,2024-01-22,2024-01-23,2024-02-01,target,7,96100,97541,97541,94658,0.015,False,True,95605,0.009928631825084104,47119,0.004883577781695502,-1.2018405036089967,-0.0022211284269374005,-0.017993536937590687,-0.00010790989712003437,0.00647422484062385,0.04642249630053162,0.01046031934002234,0.03326049518313707,0.01269511954159257,25.126277610258576,0.8029928719849458,0.5890909090909091,27206.635185792504,True,2
TRIAL6-HSX-POOLED-MEAN-REVERSION-EDGE,wf_07,oos,MWG,consumer_retail,2024-01-26,2024-01-29,2024-02-01,target,3,44950,46008,46008,43892,0.023544384346166083,False,True,83058,0.018441162482853924,60221,0.013343901326789863,-0.9373285539243932,-0.011912881006591916,-0.031071966020049024,0.0002538469754461497,0.009974168677427817,0.06545641916063066,-0.02472538346100772,0.0067803004077816465,0.023544384346166083,25.812494065225376,0.7371046735730145,0.5890909090909091,16256.841612324879,True,1
TRIAL6-HSX-POOLED-MEAN-REVERSION-EDGE,wf_07,oos,HPG,materials,2024-01-31,2024-02-01,2024-02-05,target,2,27750,28166,28166,27334,0.015,False,True,27597,0.009924961293837763,13598,0.004880599741649089,-0.8051930371259193,0.0010749095417201624,-0.014860222908878023,0.0003780925383213294,0.006994743040396555,-0.0516844835076311,-0.017734427432067656,-0.0025106094261549963,0.014157014157014156,26.368945295884398,0.8846789254633034,0.5890909090909091,40781.83446240958,True,1
TRIAL6-HSX-POOLED-MEAN-REVERSION-EDGE,wf_07,oos,VPB,banks,2024-02-02,2024-02-05,2024-02-05,target,0,18850,19156,19156,18544,0.016210739614994935,False,True,21084,0.011163062567472622,11571,0.006113937674928311,-2.381624678862266,-0.02280386462487234,-0.055133836203576175,-0.0008127496819330226,0.008572913664114307,0.3423368643401091,-0.048923432305792436,0.008584268194575362,0.016210739614994935,25.33422471110353,0.7570597269079601,0.5890909090909091,19573.121614383996,True,1
TRIAL6-HSX-POOLED-MEAN-REVERSION-EDGE,wf_07,oos,VND,securities,2024-02-06,2024-02-07,2024-02-07,target,0,22150,22563,22563,21737,0.01863822452057746,False,True,30138,0.013579198927289243,18878,0.008488874259617996,-0.7686148071969675,-0.005986152166828169,-0.016266847995438028,0.00021182897219689081,0.008849847725718911,-0.2588788399237438,0.011561062422316803,0.018385314433452656,0.01863822452057746,25.962621052132896,0.8500717854145259,0.5890909090909091,35030.56111095036,True,1
TRIAL6-HSX-POOLED-MEAN-REVERSION-EDGE,wf_07,oos,VCB,banks,2024-02-06,2024-02-07,2024-02-21,target,5,90000,91571,91571,88429,0.017451449853684492,False,True,111612,0.012376570565979822,66133,0.007318813899073121,-1.1195067102812757,-0.00608867950573378,-0.026533978137075406,-0.0006998321762509889,0.00718213371270379,-0.25712211473818136,-0.01609314789706029,0.021458004468938998,0.017451449853684492,24.740586616064146,0.6453384726906238,0.5890909090909091,1006.4480532018206,True,2
TRIAL6-HSX-POOLED-MEAN-REVERSION-EDGE,wf_07,oos,SSI,securities,2024-02-07,2024-02-15,2024-02-19,downside_touch,2,35200,34558,35842,34558,0.01824718491385158,False,False,-81618,-0.023140368400743617,-99032,-0.028022082188524845,-1.71733671333387,-0.01807858436419836,-0.03978112777287194,-2.914750798850816e-05,0.00870246713401827,-0.06627976416876566,0.0201945490387192,0.042206668031186584,0.01824718491385158,26.283599224639964,0.8996714940879349,0.5890909090909091,43273.41164212549,True,1
TRIAL6-HSX-POOLED-MEAN-REVERSION-EDGE,wf_08,oos,MBB,banks,2024-03-01,2024-03-04,2024-03-05,target,1,24100,24612,24612,23588,0.02123015873015873,False,True,39033,0.01616395776574374,26770,0.011063643017527009,-0.8289824120203982,-0.011087705357455662,-0.02655960833255292,-0.0006642599614273222,0.005686573937145809,-0.024846325281759556,0.004329252331818134,0.06464168672437527,0.02123015873015873,25.76341910720812,0.8955148249179858,0.6398467432950191,39270.30147637671,True,1
TRIAL6-HSX-POOLED-MEAN-REVERSION-EDGE,wf_08,oos,TCB,banks,2024-03-05,2024-03-06,2024-03-06,target,0,42050,43075,43075,41025,0.02437373053486798,False,True,81126,0.01925423368382529,59856,0.014177744806278229,-0.7520680492676873,-2.9950605361267132e-05,-0.027239231328613438,-0.0003549255882350257,0.006500377146528175,0.27115806859379027,0.006028838615179999,0.044182182085230524,0.02437373053486798,25.18145258446008,0.7958054948575292,0.6398467432950191,22791.89811494882,True,1
TRIAL6-HSX-POOLED-MEAN-REVERSION-EDGE,wf_08,oos,VPB,banks,2024-03-06,2024-03-07,2024-03-08,downside_touch,1,19400,19010,19790,19010,0.020127638684339717,False,False,-48662,-0.025033026186370575,-58121,-0.029840439569015356,-1.4147088097380132,-0.012223698224374205,-0.03737180796972585,-0.00013867787228607524,0.01016342142919991,0.09274323337467116,-0.025175801095290162,0.021074713703107466,0.020127638684339717,25.36961001949477,0.7698083741574453,0.6398467432950191,18495.499363979754,True,1
TRIAL6-HSX-POOLED-MEAN-REVERSION-EDGE,wf_08,oos,MBB,banks,2024-03-12,2024-03-13,2024-03-13,target,0,23100,23657,23657,22543,0.024118738404452687,False,True,43922,0.018975515700530573,32246,0.013903710573779222,-1.6492763531061143,0.002818733406932685,-0.04255132981914097,-0.0008659483285701192,0.009040551248616802,0.28161390802818476,-0.06192339171565242,-0.025109558432515548,0.024118738404452687,25.941152535157237,0.8165914403583371,0.6398467432950191,26227.075083877313,True,1
TRIAL6-HSX-POOLED-MEAN-REVERSION-EDGE,wf_08,oos,TCB,banks,2024-03-13,2024-03-14,2024-03-15,downside_touch,1,42100,40947,43253,40947,0.02738095238095238,False,False,-135950,-0.03222772138749645,-156696,-0.037071639519139936,-0.8858252315298686,-0.0063337703333531704,-0.02915952424090445,-0.0010677403623739405,0.007467705069439221,0.11343696798960899,-0.016482147791122226,0.016030428034072647,0.02738095238095238,25.397879806078844,0.7505671964199906,0.6398467432950191,15315.617524291727,True,1
TRIAL6-HSX-POOLED-MEAN-REVERSION-EDGE,wf_08,oos,VPB,banks,2024-03-15,2024-03-18,2024-03-18,downside_touch,0,18650,18267,19033,18267,0.020554066130473635,False,False,-47464,-0.025399489163316295,-56726,-0.030294242833515176,-1.2849481265752938,-0.006681696932149623,-0.027747384487288893,-0.0001495060723898489,0.00980501545766749,-0.05615100845085894,-0.017832115613049426,0.012516185621096939,0.020554066130473635,25.40459171671734,0.7782267124072312,0.6398467432950191,19886.751047536327,True,1
TRIAL6-HSX-POOLED-MEAN-REVERSION-EDGE,wf_08,oos,SSI,securities,2024-03-21,2024-03-22,2024-03-28,target,4,37800,38869,38869,36731,0.02826788085752229,False,True,87714,0.023158365528532388,68434,0.018031957094724296,-1.2593805857247615,-0.010078776541184588,-0.025385180764887157,-0.0004528476169685248,0.005134314557086421,-0.09239266573638014,-0.004244431841399887,0.020430341290413087,0.02826788085752229,26.48079228063251,0.8760852993998456,0.6398467432950191,36059.292452296984,True,1
TRIAL6-HSX-POOLED-MEAN-REVERSION-EDGE,wf_08,oos,FPT,technology,2024-03-21,2024-03-22,2024-04-05,downside_gap,10,116300,113100,119212,113388,0.02503893123514466,True,False,-377214,-0.032369842792408024,-434318,-0.037195826669321565,-0.862131099146078,-0.002008963862301625,-0.022555692923439657,-0.0001846771025115044,0.006033633880052772,0.13946701912214043,-0.0060900448911686,0.020635409407054054,0.02503893123514466,25.54548145847831,0.7785286382061619,0.6398467432950191,19936.648635826063,True,2
TRIAL6-HSX-POOLED-MEAN-REVERSION-EDGE,wf_08,oos,HPG,materials,2024-03-26,2024-03-27,2024-04-01,downside_touch,3,30900,30139,31661,30139,0.024627854415088458,False,False,-91268,-0.029478023743781365,-106534,-0.034339453690216445,-1.1517540932831298,0.0020388615699805344,-0.01784574187623736,1.1005846224248725e-05,0.0059346797586849204,-0.3055763389087391,0.025094873596812062,0.05710184287744455,0.024627854415088458,26.496558329346385,0.9447315090678582,0.6398467432950191,47404.06762485902,True,1
TRIAL6-HSX-POOLED-MEAN-REVERSION-EDGE,wf_08,oos,VND,securities,2024-03-28,2024-03-29,2024-04-04,downside_touch,4,23200,22504,23896,22504,0.03,False,False,-81005,-0.03484562619747561,-92407,-0.03967213720024368,-1.9900776256649049,-0.013529946960418695,-0.06602880047227498,-0.000987729300637499,0.011039775364416091,0.1291454316222607,-0.043906697213008106,0.02738159369686583,0.03499589490968801,26.145534796641822,0.8114336433885628,0.6398467432950191,25374.674823312354,True,1
TRIAL6-HSX-POOLED-MEAN-REVERSION-EDGE,wf_08,oos,VCB,banks,2024-04-01,2024-04-02,2024-04-11,downside_touch,7,95100,93559,96641,93559,0.016206482593037214,False,False,-201250,-0.021119580164784147,-248291,-0.02600434559572219,-1.1999888692090024,0.004121290391838807,-0.016621378474685415,3.9214763858151435e-05,0.004863591679469752,0.015506796343875778,-0.0051645911514883736,0.02353586392789327,0.016206482593037214,24.974271354188364,0.7914494321757897,0.6398467432950191,22071.995996522757,True,1
TRIAL6-HSX-POOLED-MEAN-REVERSION-EDGE,wf_08,oos,SSI,securities,2024-04-08,2024-04-09,2024-04-15,downside_touch,4,36900,35914,37886,35914,0.02672894770987414,False,False,-116712,-0.03156649459692352,-134920,-0.03641780715243357,-1.1482588928345716,0.0028457243161727937,-0.020921695387128545,-0.0002345824857546307,0.00617775586882426,0.02474291035612897,-0.055079816255673486,-0.03157860987472237,0.02672894770987414,26.582667091814365,0.8208443633256988,0.6398467432950191,26929.93187851002,True,1
TRIAL6-HSX-POOLED-MEAN-REVERSION-EDGE,wf_09,oos,HPG,materials,2024-05-02,2024-05-03,2024-05-03,target,0,28350,28962,28962,27738,0.021583942218862853,False,True,46908,0.016513092931031752,32520,0.011425307055127107,-0.8600194738943873,-0.004572198486999721,-0.01660246681646134,-0.00025656988448324213,0.006658303456826114,-0.27545189908529677,0.013497487192672075,0.03896760242548737,0.021583942218862853,26.4310067997734,0.757109300096428,0.6135458167330677,18439.302660646434,True,1
TRIAL6-HSX-POOLED-MEAN-REVERSION-EDGE,wf_09,oos,SSI,securities,2024-05-06,2024-05-07,2024-05-20,target,9,35800,36874,36874,34726,0.03,False,True,89213,0.0248700020879952,70931,0.01973402152433082,-1.4201161474472148,0.006160032152201508,-0.03998395539617592,-0.00013903870028441544,0.00972411839277304,-0.41037274111024796,0.0005561324792002775,0.03292436654312509,0.030454818673612504,26.611001065049408,0.6487170022238239,0.6135458167330677,561.7376997964748,True,1
TRIAL6-HSX-POOLED-MEAN-REVERSION-EDGE,wf_09,oos,VCB,banks,2024-05-23,2024-05-24,2024-05-30,downside_gap,4,91000,89500,92365,89635,0.015,True,False,-195121,-0.02139893622213105,-240132,-0.026282922197047053,-0.7740270567864534,0.006596949334471952,-0.010789103992573264,2.9463582824184827e-05,0.005005375942063233,0.005210856370503516,-0.0173382703572732,-0.0165697899310048,0.014599686028257458,24.920870184837394,0.666307027054322,0.6135458167330677,3462.9291842670136,True,1
TRIAL6-HSX-POOLED-MEAN-REVERSION-EDGE,wf_09,oos,VCB,banks,2024-06-11,2024-06-12,2024-06-12,target,0,87400,88711,88711,86089,0.015,False,True,87016,0.009936149710014837,42943,0.0048938192896001865,-1.1916536650892549,-0.009944320377798497,-0.019260176415629306,-0.0003330582760131572,0.0063442981768343,0.07603446921813914,-0.016978956164974468,0.006539576715223255,0.013488422892092617,24.901183023196353,0.6973327078002742,0.6135458167330677,8580.1158652087,True,1
TRIAL6-HSX-POOLED-MEAN-REVERSION-EDGE,wf_10,oos,SSI,securities,2024-07-29,2024-07-30,2024-08-01,downside_touch,2,32200,31510,32890,31510,0.021443359952676724,False,False,-84905,-0.026315446908535496,-100809,-0.031182509658600564,-2.680665755013602,0.0007200316161954773,-0.0633810612687341,-0.0006520949433483909,0.009515192532112877,0.30205191615687377,-0.07216329520661735,-0.013141201205384598,0.021443359952676724,25.947021928614568,0.6227969318889393,0.58,372.2492744776973,True,1
TRIAL6-HSX-POOLED-MEAN-REVERSION-EDGE,wf_10,oos,HPG,materials,2024-08-15,2024-08-16,2024-08-19,target,1,25200,25771,25771,24629,0.022675736961451247,False,True,44278,0.017535272121855846,31559,0.012473577785261107,-1.1436892758703363,-0.005390293031474841,-0.027632841081187312,-0.000221780422180071,0.010605280581875376,-0.24480659858549805,-0.015362220751473532,0.01996103360667082,0.022675736961451247,26.225793955102752,0.7036451734899726,0.58,14468.3521554217,True,1
TRIAL6-HSX-POOLED-MEAN-REVERSION-EDGE,wf_11,oos,HPG,materials,2024-09-04,2024-09-05,2024-09-06,downside_touch,1,25350,24843,25857,24843,0.01999057048561999,False,False,-63212,-0.024885595235470674,-75721,-0.029751539421447856,-1.4038068552594385,-0.0016335102904599056,-0.02409020806814899,8.532111396410853e-05,0.007584859411734003,-0.4411237073949553,-0.029158354340485082,-0.008966455630150885,0.01999057048561999,26.222301702359452,0.6076225588817995,0.5434782608695652,1230.4803781414303,True,1
TRIAL6-HSX-POOLED-MEAN-REVERSION-EDGE,wf_11,oos,HPG,materials,2024-09-18,2024-09-19,2024-09-20,target,1,25300,25768,25768,24832,0.018497438816163916,False,True,33964,0.013397514966882924,21231,0.00835833893023025,-1.4857593213638918,-0.013695536056226257,-0.02845424995399315,7.677242319069354e-05,0.00720466586563792,-0.2830286314839505,-0.009690011266420662,0.02370317932472098,0.018497438816163916,26.138239248780128,0.6739587094873499,0.5434782608695652,13652.41887811869,True,1
TRIAL6-HSX-POOLED-MEAN-REVERSION-EDGE,wf_11,oos,FPT,technology,2024-09-30,2024-10-01,2024-10-10,target,7,134700,136720,136720,132680,0.015,False,True,134122,0.009937233804910232,66058,0.00488451968544693,-1.132489170673018,-0.0013118145325537564,-0.016028905714576047,-0.00017240302975065898,0.004203184402622464,-0.061724461685583924,0.003743495552361864,0.02778316446864843,0.013772349088334218,26.240067577680133,0.6042723409260896,0.5434782608695652,603.1271020249551,True,1
TRIAL6-HSX-POOLED-MEAN-REVERSION-EDGE,wf_11,oos,MWG,consumer_retail,2024-10-01,2024-10-02,2024-10-03,downside_touch,1,67500,66348,68652,66348,0.01706700379266751,False,False,-148609,-0.021972106281778894,-181911,-0.026842526970017575,-1.4044818579854477,-0.008207092868008432,-0.02736652188942952,-0.00015552422776398599,0.006119465067435805,-0.0913262850566713,-0.004241271816970094,0.025527334044970193,0.01706700379266751,26.267806398971892,0.6448923913642952,0.5434782608695652,8209.534223983363,True,1
TRIAL6-HSX-POOLED-MEAN-REVERSION-EDGE,wf_11,oos,MWG,consumer_retail,2024-10-11,2024-10-14,2024-10-14,downside_touch,0,64900,63649,66151,63649,0.019269102990033222,False,False,-157145,-0.024165223729574623,-189283,-0.02904900099601135,-2.1907461854467196,-0.0066840760797987776,-0.04710785156160743,-0.0004473561620868704,0.008858255203292578,-0.04437064262761598,-0.028665947796915114,0.020741096052416846,0.019269102990033222,26.200526435168854,0.6602820146733069,0.5434782608695652,11091.355863274635,True,1
TRIAL6-HSX-POOLED-MEAN-REVERSION-EDGE,wf_12,oos,MWG,consumer_retail,2024-11-11,2024-11-12,2024-11-12,downside_touch,0,63100,62027,64173,62027,0.017006802721088433,False,False,-138569,-0.021916215775930104,-169732,-0.026791685693806196,-1.5323351990825425,-0.02789227239526157,-0.035513659308251844,-0.0010971705857197706,0.007458031482885439,0.043234772037088934,-0.0322537276566468,0.004661156914247657,0.017006802721088433,26.141232740597182,0.7682216031004595,0.5497835497835498,28066.028201402147,True,1
TRIAL6-HSX-POOLED-MEAN-REVERSION-EDGE,wf_12,oos,VPB,banks,2024-11-11,2024-11-12,2024-11-12,downside_touch,0,19250,18901,19599,18901,0.01810515873015873,False,False,-44412,-0.023024653051575285,-53922,-0.027900103534934113,-1.4635176931484275,-0.011686050508262978,-0.027961883669671565,-0.0004778227900133862,0.007893196563561333,-0.0009477689225918944,-0.025479361513577548,0.003908449565017741,0.01810515873015873,26.042647681381023,0.6282345601862501,0.5497835497835498,977.4168471885787,True,2
TRIAL6-HSX-POOLED-MEAN-REVERSION-EDGE,wf_12,oos,MWG,consumer_retail,2024-11-19,2024-11-20,2024-11-21,target,1,57200,58493,58493,55907,0.022608695652173914,False,True,100300,0.017499830759363545,71406,0.012433837604392362,-1.0655439320985052,-0.016336287298475048,-0.02869117080109264,-0.0007759902472941046,0.012027060764944164,0.08750858551329369,-0.05490303822078402,-0.042920291261061255,0.022608695652173914,26.135668120643203,0.6243157229332774,0.5497835497835498,219.09052572146174,True,1
TRIAL6-HSX-POOLED-MEAN-REVERSION-EDGE,wf_12,oos,VND,securities,2024-12-03,2024-12-04,2024-12-04,downside_touch,0,13750,13481,14019,13481,0.019567099567099566,False,False,-33732,-0.024483148057287026,-40463,-0.029309779077440604,-1.5185760662184609,-0.005035556367552816,-0.033791981397347993,-0.0005010076282699028,0.008114590831283448,-0.15673713869384226,-0.02141501282387559,0.011290785597383933,0.019567099567099566,24.74447296870731,0.6236780983237856,0.5497835497835498,95.70506891892728,True,1
TRIAL6-HSX-POOLED-MEAN-REVERSION-EDGE,wf_12,oos,VPB,banks,2024-12-10,2024-12-11,2024-12-19,downside_touch,6,19250,18905,19595,18905,0.017934446505875078,False,False,-44013,-0.022817798224781208,-53524,-0.02769417198182214,-1.0066009420788,-0.007942417257860176,-0.014153233883121574,-0.000265907093264119,0.0038090917004664276,-0.2262444808107865,0.0030588356799888805,0.024649415382410687,0.017934446505875078,26.014954683314084,0.6442917615452012,0.5497835497835498,4084.613613360314,True,1
TRIAL6-HSX-POOLED-MEAN-REVERSION-EDGE,wf_12,oos,VND,securities,2024-12-11,2024-12-12,2024-12-19,downside_touch,5,13200,12857,13543,12857,0.025974025974025972,False,False,-40794,-0.03084190367896719,-47286,-0.035680438010841614,-1.6385466531323443,-0.011832433607706928,-0.04023665688581218,-0.0006218435794559949,0.01137928703460569,-0.23064558304946428,-0.002400550005595581,0.03288681874613621,0.025974025974025972,24.775159474494945,0.7408552420900001,0.5497835497835498,22770.418678128255,True,1
TRIAL6-HSX-POOLED-MEAN-REVERSION-EDGE,wf_13,oos,MWG,consumer_retail,2025-01-17,2025-01-20,2025-01-23,target,3,57700,58805,58805,56595,0.019146653462078073,False,True,81347,0.014070080405648373,52100,0.0089934158184345,-1.0315850258168247,-0.008073678029834615,-0.023957808016212695,-0.0002790632383034374,0.007095399770710646,0.04208568744098749,0.0035206898647790474,0.025534220265360022,0.019146653462078073,25.785481779140184,0.6209793956613293,0.5017182130584192,3701.5238959596463,True,1
TRIAL6-HSX-POOLED-MEAN-REVERSION-EDGE,wf_13,oos,HPG,materials,2025-02-10,2025-02-11,2025-02-11,target,0,25450,25872,25872,25028,0.01659167604049494,False,True,29316,0.0114959341113101,16535,0.006471264610733963,-2.1572249141673536,-0.03547699773419569,-0.049949151173315116,-0.0009638807545331203,0.008811486616276657,0.2465577591182858,-0.037318072969840355,0.013752496518949152,0.01659167604049494,25.972706079919156,0.7026668683278413,0.5017182130584192,18267.59884795126,True,1
