trial_id,fold_id,sample_role,ticker,signal_date,entry_date,reason,reset_dates
TRIAL6-HSX-POOLED-MEAN-REVERSION-EDGE,wf_01,train,VPB,2022-09-23,2022-09-26,forward_reference_reset,2022-09-28
TRIAL6-HSX-POOLED-MEAN-REVERSION-EDGE,wf_01,train,VPB,2022-09-26,2022-09-27,forward_reference_reset,2022-09-28
TRIAL6-HSX-POOLED-MEAN-REVERSION-EDGE,wf_01,train,VPB,2022-09-27,2022-09-28,forward_reference_reset,2022-09-28
TRIAL6-HSX-POOLED-MEAN-REVERSION-EDGE,wf_02,train,VPB,2022-09-23,2022-09-26,forward_reference_reset,2022-09-28
TRIAL6-HSX-POOLED-MEAN-REVERSION-EDGE,wf_02,train,VPB,2022-09-26,2022-09-27,forward_reference_reset,2022-09-28
TRIAL6-HSX-POOLED-MEAN-REVERSION-EDGE,wf_02,train,VPB,2022-09-27,2022-09-28,forward_reference_reset,2022-09-28
TRIAL6-HSX-POOLED-MEAN-REVERSION-EDGE,wf_03,train,VPB,2022-09-23,2022-09-26,forward_reference_reset,2022-09-28
TRIAL6-HSX-POOLED-MEAN-REVERSION-EDGE,wf_03,train,VPB,2022-09-26,2022-09-27,forward_reference_reset,2022-09-28
TRIAL6-HSX-POOLED-MEAN-REVERSION-EDGE,wf_03,train,VPB,2022-09-27,2022-09-28,forward_reference_reset,2022-09-28
TRIAL6-HSX-POOLED-MEAN-REVERSION-EDGE,wf_03,oos,PNJ,2023-05-25,2023-05-26,forward_reference_reset,2023-06-09
TRIAL6-HSX-POOLED-MEAN-REVERSION-EDGE,wf_03,oos,MBB,2023-05-30,2023-05-31,forward_reference_reset,2023-06-14
TRIAL6-HSX-POOLED-MEAN-REVERSION-EDGE,wf_03,oos,PNJ,2023-05-30,2023-05-31,forward_reference_reset,2023-06-09
TRIAL6-HSX-POOLED-MEAN-REVERSION-EDGE,wf_03,oos,MBB,2023-05-31,2023-06-01,forward_reference_reset,2023-06-14
TRIAL6-HSX-POOLED-MEAN-REVERSION-EDGE,wf_03,oos,PNJ,2023-06-01,2023-06-02,forward_reference_reset,2023-06-09
TRIAL6-HSX-POOLED-MEAN-REVERSION-EDGE,wf_03,oos,SSI,2023-06-05,2023-06-06,forward_reference_reset,2023-06-20
TRIAL6-HSX-POOLED-MEAN-REVERSION-EDGE,wf_03,oos,SSI,2023-06-08,2023-06-09,forward_reference_reset,2023-06-20
TRIAL6-HSX-POOLED-MEAN-REVERSION-EDGE,wf_03,oos,MBB,2023-06-13,2023-06-14,forward_reference_reset,2023-06-14
TRIAL6-HSX-POOLED-MEAN-REVERSION-EDGE,wf_04,train,VPB,2022-09-23,2022-09-26,forward_reference_reset,2022-09-28
TRIAL6-HSX-POOLED-MEAN-REVERSION-EDGE,wf_04,train,VPB,2022-09-26,2022-09-27,forward_reference_reset,2022-09-28
TRIAL6-HSX-POOLED-MEAN-REVERSION-EDGE,wf_04,train,VPB,2022-09-27,2022-09-28,forward_reference_reset,2022-09-28
TRIAL6-HSX-POOLED-MEAN-REVERSION-EDGE,wf_04,train,PNJ,2023-05-25,2023-05-26,forward_reference_reset,2023-06-09
TRIAL6-HSX-POOLED-MEAN-REVERSION-EDGE,wf_04,train,MBB,2023-05-30,2023-05-31,forward_reference_reset,2023-06-14
TRIAL6-HSX-POOLED-MEAN-REVERSION-EDGE,wf_04,train,PNJ,2023-05-30,2023-05-31,forward_reference_reset,2023-06-09
TRIAL6-HSX-POOLED-MEAN-REVERSION-EDGE,wf_04,train,MBB,2023-05-31,2023-06-01,forward_reference_reset,2023-06-14
TRIAL6-HSX-POOLED-MEAN-REVERSION-EDGE,wf_04,train,PNJ,2023-06-01,2023-06-02,forward_reference_reset,2023-06-09
TRIAL6-HSX-POOLED-MEAN-REVERSION-EDGE,wf_04,train,SSI,2023-06-05,2023-06-06,forward_reference_reset,2023-06-20
TRIAL6-HSX-POOLED-MEAN-REVERSION-EDGE,wf_04,train,SSI,2023-06-08,2023-06-09,forward_reference_reset,2023-06-20
TRIAL6-HSX-POOLED-MEAN-REVERSION-EDGE,wf_04,train,MBB,2023-06-13,2023-06-14,forward_reference_reset,2023-06-14
TRIAL6-HSX-POOLED-MEAN-REVERSION-EDGE,wf_05,train,VPB,2022-09-23,2022-09-26,forward_reference_reset,2022-09-28
TRIAL6-HSX-POOLED-MEAN-REVERSION-EDGE,wf_05,train,VPB,2022-09-26,2022-09-27,forward_reference_reset,2022-09-28
TRIAL6-HSX-POOLED-MEAN-REVERSION-EDGE,wf_05,train,VPB,2022-09-27,2022-09-28,forward_reference_reset,2022-09-28
TRIAL6-HSX-POOLED-MEAN-REVERSION-EDGE,wf_05,train,PNJ,2023-05-25,2023-05-26,forward_reference_reset,2023-06-09
TRIAL6-HSX-POOLED-MEAN-REVERSION-EDGE,wf_05,train,MBB,2023-05-30,2023-05-31,forward_reference_reset,2023-06-14
TRIAL6-HSX-POOLED-MEAN-REVERSION-EDGE,wf_05,train,PNJ,2023-05-30,2023-05-31,forward_reference_reset,2023-06-09
TRIAL6-HSX-POOLED-MEAN-REVERSION-EDGE,wf_05,train,MBB,2023-05-31,2023-06-01,forward_reference_reset,2023-06-14
TRIAL6-HSX-POOLED-MEAN-REVERSION-EDGE,wf_05,train,PNJ,2023-06-01,2023-06-02,forward_reference_reset,2023-06-09
TRIAL6-HSX-POOLED-MEAN-REVERSION-EDGE,wf_05,train,SSI,2023-06-05,2023-06-06,forward_reference_reset,2023-06-20
TRIAL6-HSX-POOLED-MEAN-REVERSION-EDGE,wf_05,train,SSI,2023-06-08,2023-06-09,forward_reference_reset,2023-06-20
TRIAL6-HSX-POOLED-MEAN-REVERSION-EDGE,wf_05,train,MBB,2023-06-13,2023-06-14,forward_reference_reset,2023-06-14
TRIAL6-HSX-POOLED-MEAN-REVERSION-EDGE,wf_05,oos,MBB,2023-10-12,2023-10-13,forward_reference_reset,2023-10-27
TRIAL6-HSX-POOLED-MEAN-REVERSION-EDGE,wf_05,oos,HPG,2023-10-16,2023-10-17,forward_reference_reset,2023-10-27
TRIAL6-HSX-POOLED-MEAN-REVERSION-EDGE,wf_05,oos,SSI,2023-10-16,2023-10-17,forward_reference_reset,2023-10-27
TRIAL6-HSX-POOLED-MEAN-REVERSION-EDGE,wf_06,train,PNJ,2023-05-25,2023-05-26,forward_reference_reset,2023-06-09
TRIAL6-HSX-POOLED-MEAN-REVERSION-EDGE,wf_06,train,MBB,2023-05-30,2023-05-31,forward_reference_reset,2023-06-14
TRIAL6-HSX-POOLED-MEAN-REVERSION-EDGE,wf_06,train,PNJ,2023-05-30,2023-05-31,forward_reference_reset,2023-06-09
TRIAL6-HSX-POOLED-MEAN-REVERSION-EDGE,wf_06,train,MBB,2023-05-31,2023-06-01,forward_reference_reset,2023-06-14
TRIAL6-HSX-POOLED-MEAN-REVERSION-EDGE,wf_06,train,PNJ,2023-06-01,2023-06-02,forward_reference_reset,2023-06-09
TRIAL6-HSX-POOLED-MEAN-REVERSION-EDGE,wf_06,train,SSI,2023-06-05,2023-06-06,forward_reference_reset,2023-06-20
TRIAL6-HSX-POOLED-MEAN-REVERSION-EDGE,wf_06,train,SSI,2023-06-08,2023-06-09,forward_reference_reset,2023-06-20
TRIAL6-HSX-POOLED-MEAN-REVERSION-EDGE,wf_06,train,MBB,2023-06-13,2023-06-14,forward_reference_reset,2023-06-14
TRIAL6-HSX-POOLED-MEAN-REVERSION-EDGE,wf_06,train,MBB,2023-10-12,2023-10-13,forward_reference_reset,2023-10-27
TRIAL6-HSX-POOLED-MEAN-REVERSION-EDGE,wf_06,train,HPG,2023-10-16,2023-10-17,forward_reference_reset,2023-10-27
TRIAL6-HSX-POOLED-MEAN-REVERSION-EDGE,wf_06,train,SSI,2023-10-16,2023-10-17,forward_reference_reset,2023-10-27
TRIAL6-HSX-POOLED-MEAN-REVERSION-EDGE,wf_07,train,PNJ,2023-05-25,2023-05-26,forward_reference_reset,2023-06-09
TRIAL6-HSX-POOLED-MEAN-REVERSION-EDGE,wf_07,train,MBB,2023-05-30,2023-05-31,forward_reference_reset,2023-06-14
TRIAL6-HSX-POOLED-MEAN-REVERSION-EDGE,wf_07,train,PNJ,2023-05-30,2023-05-31,forward_reference_reset,2023-06-09
TRIAL6-HSX-POOLED-MEAN-REVERSION-EDGE,wf_07,train,MBB,2023-05-31,2023-06-01,forward_reference_reset,2023-06-14
TRIAL6-HSX-POOLED-MEAN-REVERSION-EDGE,wf_07,train,PNJ,2023-06-01,2023-06-02,forward_reference_reset,2023-06-09
TRIAL6-HSX-POOLED-MEAN-REVERSION-EDGE,wf_07,train,SSI,2023-06-05,2023-06-06,forward_reference_reset,2023-06-20
TRIAL6-HSX-POOLED-MEAN-REVERSION-EDGE,wf_07,train,SSI,2023-06-08,2023-06-09,forward_reference_reset,2023-06-20
TRIAL6-HSX-POOLED-MEAN-REVERSION-EDGE,wf_07,train,MBB,2023-06-13,2023-06-14,forward_reference_reset,2023-06-14
TRIAL6-HSX-POOLED-MEAN-REVERSION-EDGE,wf_07,train,MBB,2023-10-12,2023-10-13,forward_reference_reset,2023-10-27
TRIAL6-HSX-POOLED-MEAN-REVERSION-EDGE,wf_07,train,HPG,2023-10-16,2023-10-17,forward_reference_reset,2023-10-27
TRIAL6-HSX-POOLED-MEAN-REVERSION-EDGE,wf_07,train,SSI,2023-10-16,2023-10-17,forward_reference_reset,2023-10-27
TRIAL6-HSX-POOLED-MEAN-REVERSION-EDGE,wf_07,train,HPG,2023-10-17,2023-10-18,forward_reference_reset,2023-10-27
TRIAL6-HSX-POOLED-MEAN-REVERSION-EDGE,wf_07,train,HPG,2023-10-18,2023-10-19,forward_reference_reset,2023-10-27
TRIAL6-HSX-POOLED-MEAN-REVERSION-EDGE,wf_07,train,PNJ,2023-10-18,2023-10-19,forward_reference_reset,2023-10-20|2023-10-27
TRIAL6-HSX-POOLED-MEAN-REVERSION-EDGE,wf_07,train,PNJ,2023-10-19,2023-10-20,forward_reference_reset,2023-10-20|2023-10-27
TRIAL6-HSX-POOLED-MEAN-REVERSION-EDGE,wf_07,train,MWG,2023-10-23,2023-10-24,forward_reference_reset,2023-10-27
TRIAL6-HSX-POOLED-MEAN-REVERSION-EDGE,wf_07,train,MWG,2023-10-24,2023-10-25,forward_reference_reset,2023-10-27
TRIAL6-HSX-POOLED-MEAN-REVERSION-EDGE,wf_07,train,VPB,2023-10-24,2023-10-25,forward_reference_reset,2023-10-27
TRIAL6-HSX-POOLED-MEAN-REVERSION-EDGE,wf_07,train,VPB,2023-10-25,2023-10-26,forward_reference_reset,2023-10-27|2023-11-09
TRIAL6-HSX-POOLED-MEAN-REVERSION-EDGE,wf_07,train,VPB,2023-10-26,2023-10-27,forward_reference_reset,2023-10-27|2023-11-09
TRIAL6-HSX-POOLED-MEAN-REVERSION-EDGE,wf_08,train,PNJ,2023-05-25,2023-05-26,forward_reference_reset,2023-06-09
TRIAL6-HSX-POOLED-MEAN-REVERSION-EDGE,wf_08,train,MBB,2023-05-30,2023-05-31,forward_reference_reset,2023-06-14
TRIAL6-HSX-POOLED-MEAN-REVERSION-EDGE,wf_08,train,PNJ,2023-05-30,2023-05-31,forward_reference_reset,2023-06-09
TRIAL6-HSX-POOLED-MEAN-REVERSION-EDGE,wf_08,train,MBB,2023-05-31,2023-06-01,forward_reference_reset,2023-06-14
TRIAL6-HSX-POOLED-MEAN-REVERSION-EDGE,wf_08,train,PNJ,2023-06-01,2023-06-02,forward_reference_reset,2023-06-09
TRIAL6-HSX-POOLED-MEAN-REVERSION-EDGE,wf_08,train,SSI,2023-06-05,2023-06-06,forward_reference_reset,2023-06-20
TRIAL6-HSX-POOLED-MEAN-REVERSION-EDGE,wf_08,train,SSI,2023-06-08,2023-06-09,forward_reference_reset,2023-06-20
TRIAL6-HSX-POOLED-MEAN-REVERSION-EDGE,wf_08,train,MBB,2023-06-13,2023-06-14,forward_reference_reset,2023-06-14
TRIAL6-HSX-POOLED-MEAN-REVERSION-EDGE,wf_08,train,MBB,2023-10-12,2023-10-13,forward_reference_reset,2023-10-27
TRIAL6-HSX-POOLED-MEAN-REVERSION-EDGE,wf_08,train,HPG,2023-10-16,2023-10-17,forward_reference_reset,2023-10-27
TRIAL6-HSX-POOLED-MEAN-REVERSION-EDGE,wf_08,train,SSI,2023-10-16,2023-10-17,forward_reference_reset,2023-10-27
TRIAL6-HSX-POOLED-MEAN-REVERSION-EDGE,wf_08,train,HPG,2023-10-17,2023-10-18,forward_reference_reset,2023-10-27
TRIAL6-HSX-POOLED-MEAN-REVERSION-EDGE,wf_08,train,HPG,2023-10-18,2023-10-19,forward_reference_reset,2023-10-27
TRIAL6-HSX-POOLED-MEAN-REVERSION-EDGE,wf_08,train,PNJ,2023-10-18,2023-10-19,forward_reference_reset,2023-10-20|2023-10-27
TRIAL6-HSX-POOLED-MEAN-REVERSION-EDGE,wf_08,train,PNJ,2023-10-19,2023-10-20,forward_reference_reset,2023-10-20|2023-10-27
TRIAL6-HSX-POOLED-MEAN-REVERSION-EDGE,wf_08,train,MWG,2023-10-23,2023-10-24,forward_reference_reset,2023-10-27
TRIAL6-HSX-POOLED-MEAN-REVERSION-EDGE,wf_08,train,MWG,2023-10-24,2023-10-25,forward_reference_reset,2023-10-27
TRIAL6-HSX-POOLED-MEAN-REVERSION-EDGE,wf_08,train,VPB,2023-10-24,2023-10-25,forward_reference_reset,2023-10-27
TRIAL6-HSX-POOLED-MEAN-REVERSION-EDGE,wf_08,train,VPB,2023-10-25,2023-10-26,forward_reference_reset,2023-10-27|2023-11-09
TRIAL6-HSX-POOLED-MEAN-REVERSION-EDGE,wf_08,train,VPB,2023-10-26,2023-10-27,forward_reference_reset,2023-10-27|2023-11-09
TRIAL6-HSX-POOLED-MEAN-REVERSION-EDGE,wf_09,train,PNJ,2023-05-25,2023-05-26,forward_reference_reset,2023-06-09
TRIAL6-HSX-POOLED-MEAN-REVERSION-EDGE,wf_09,train,MBB,2023-05-30,2023-05-31,forward_reference_reset,2023-06-14
TRIAL6-HSX-POOLED-MEAN-REVERSION-EDGE,wf_09,train,PNJ,2023-05-30,2023-05-31,forward_reference_reset,2023-06-09
TRIAL6-HSX-POOLED-MEAN-REVERSION-EDGE,wf_09,train,MBB,2023-05-31,2023-06-01,forward_reference_reset,2023-06-14
TRIAL6-HSX-POOLED-MEAN-REVERSION-EDGE,wf_09,train,PNJ,2023-06-01,2023-06-02,forward_reference_reset,2023-06-09
TRIAL6-HSX-POOLED-MEAN-REVERSION-EDGE,wf_09,train,SSI,2023-06-05,2023-06-06,forward_reference_reset,2023-06-20
TRIAL6-HSX-POOLED-MEAN-REVERSION-EDGE,wf_09,train,SSI,2023-06-08,2023-06-09,forward_reference_reset,2023-06-20
TRIAL6-HSX-POOLED-MEAN-REVERSION-EDGE,wf_09,train,MBB,2023-06-13,2023-06-14,forward_reference_reset,2023-06-14
TRIAL6-HSX-POOLED-MEAN-REVERSION-EDGE,wf_09,train,MBB,2023-10-12,2023-10-13,forward_reference_reset,2023-10-27
TRIAL6-HSX-POOLED-MEAN-REVERSION-EDGE,wf_09,train,HPG,2023-10-16,2023-10-17,forward_reference_reset,2023-10-27
TRIAL6-HSX-POOLED-MEAN-REVERSION-EDGE,wf_09,train,SSI,2023-10-16,2023-10-17,forward_reference_reset,2023-10-27
TRIAL6-HSX-POOLED-MEAN-REVERSION-EDGE,wf_09,train,HPG,2023-10-17,2023-10-18,forward_reference_reset,2023-10-27
TRIAL6-HSX-POOLED-MEAN-REVERSION-EDGE,wf_09,train,HPG,2023-10-18,2023-10-19,forward_reference_reset,2023-10-27
TRIAL6-HSX-POOLED-MEAN-REVERSION-EDGE,wf_09,train,PNJ,2023-10-18,2023-10-19,forward_reference_reset,2023-10-20|2023-10-27
TRIAL6-HSX-POOLED-MEAN-REVERSION-EDGE,wf_09,train,PNJ,2023-10-19,2023-10-20,forward_reference_reset,2023-10-20|2023-10-27
TRIAL6-HSX-POOLED-MEAN-REVERSION-EDGE,wf_09,train,MWG,2023-10-23,2023-10-24,forward_reference_reset,2023-10-27
TRIAL6-HSX-POOLED-MEAN-REVERSION-EDGE,wf_09,train,MWG,2023-10-24,2023-10-25,forward_reference_reset,2023-10-27
TRIAL6-HSX-POOLED-MEAN-REVERSION-EDGE,wf_09,train,VPB,2023-10-24,2023-10-25,forward_reference_reset,2023-10-27
TRIAL6-HSX-POOLED-MEAN-REVERSION-EDGE,wf_09,train,VPB,2023-10-25,2023-10-26,forward_reference_reset,2023-10-27|2023-11-09
TRIAL6-HSX-POOLED-MEAN-REVERSION-EDGE,wf_09,train,VPB,2023-10-26,2023-10-27,forward_reference_reset,2023-10-27|2023-11-09
TRIAL6-HSX-POOLED-MEAN-REVERSION-EDGE,wf_09,oos,VPB,2024-05-07,2024-05-08,forward_reference_reset,2024-05-22
TRIAL6-HSX-POOLED-MEAN-REVERSION-EDGE,wf_09,oos,MBB,2024-05-08,2024-05-09,forward_reference_reset,2024-05-23
TRIAL6-HSX-POOLED-MEAN-REVERSION-EDGE,wf_09,oos,VPB,2024-05-08,2024-05-09,forward_reference_reset,2024-05-22
TRIAL6-HSX-POOLED-MEAN-REVERSION-EDGE,wf_09,oos,VND,2024-05-24,2024-05-27,forward_reference_reset,2024-05-29
TRIAL6-HSX-POOLED-MEAN-REVERSION-EDGE,wf_10,train,MBB,2023-10-12,2023-10-13,forward_reference_reset,2023-10-27
TRIAL6-HSX-POOLED-MEAN-REVERSION-EDGE,wf_10,train,HPG,2023-10-16,2023-10-17,forward_reference_reset,2023-10-27
TRIAL6-HSX-POOLED-MEAN-REVERSION-EDGE,wf_10,train,SSI,2023-10-16,2023-10-17,forward_reference_reset,2023-10-27
TRIAL6-HSX-POOLED-MEAN-REVERSION-EDGE,wf_10,train,HPG,2023-10-17,2023-10-18,forward_reference_reset,2023-10-27
TRIAL6-HSX-POOLED-MEAN-REVERSION-EDGE,wf_10,train,HPG,2023-10-18,2023-10-19,forward_reference_reset,2023-10-27
TRIAL6-HSX-POOLED-MEAN-REVERSION-EDGE,wf_10,train,PNJ,2023-10-18,2023-10-19,forward_reference_reset,2023-10-20|2023-10-27
TRIAL6-HSX-POOLED-MEAN-REVERSION-EDGE,wf_10,train,PNJ,2023-10-19,2023-10-20,forward_reference_reset,2023-10-20|2023-10-27
TRIAL6-HSX-POOLED-MEAN-REVERSION-EDGE,wf_10,train,MWG,2023-10-23,2023-10-24,forward_reference_reset,2023-10-27
TRIAL6-HSX-POOLED-MEAN-REVERSION-EDGE,wf_10,train,MWG,2023-10-24,2023-10-25,forward_reference_reset,2023-10-27
TRIAL6-HSX-POOLED-MEAN-REVERSION-EDGE,wf_10,train,VPB,2023-10-24,2023-10-25,forward_reference_reset,2023-10-27
TRIAL6-HSX-POOLED-MEAN-REVERSION-EDGE,wf_10,train,VPB,2023-10-25,2023-10-26,forward_reference_reset,2023-10-27|2023-11-09
TRIAL6-HSX-POOLED-MEAN-REVERSION-EDGE,wf_10,train,VPB,2023-10-26,2023-10-27,forward_reference_reset,2023-10-27|2023-11-09
TRIAL6-HSX-POOLED-MEAN-REVERSION-EDGE,wf_10,train,VPB,2024-05-07,2024-05-08,forward_reference_reset,2024-05-22
TRIAL6-HSX-POOLED-MEAN-REVERSION-EDGE,wf_10,train,MBB,2024-05-08,2024-05-09,forward_reference_reset,2024-05-23
TRIAL6-HSX-POOLED-MEAN-REVERSION-EDGE,wf_10,train,VPB,2024-05-08,2024-05-09,forward_reference_reset,2024-05-22
TRIAL6-HSX-POOLED-MEAN-REVERSION-EDGE,wf_10,train,VND,2024-05-24,2024-05-27,forward_reference_reset,2024-05-29
TRIAL6-HSX-POOLED-MEAN-REVERSION-EDGE,wf_11,train,MBB,2023-10-12,2023-10-13,forward_reference_reset,2023-10-27
TRIAL6-HSX-POOLED-MEAN-REVERSION-EDGE,wf_11,train,HPG,2023-10-16,2023-10-17,forward_reference_reset,2023-10-27
TRIAL6-HSX-POOLED-MEAN-REVERSION-EDGE,wf_11,train,SSI,2023-10-16,2023-10-17,forward_reference_reset,2023-10-27
TRIAL6-HSX-POOLED-MEAN-REVERSION-EDGE,wf_11,train,HPG,2023-10-17,2023-10-18,forward_reference_reset,2023-10-27
TRIAL6-HSX-POOLED-MEAN-REVERSION-EDGE,wf_11,train,HPG,2023-10-18,2023-10-19,forward_reference_reset,2023-10-27
TRIAL6-HSX-POOLED-MEAN-REVERSION-EDGE,wf_11,train,PNJ,2023-10-18,2023-10-19,forward_reference_reset,2023-10-20|2023-10-27
TRIAL6-HSX-POOLED-MEAN-REVERSION-EDGE,wf_11,train,PNJ,2023-10-19,2023-10-20,forward_reference_reset,2023-10-20|2023-10-27
TRIAL6-HSX-POOLED-MEAN-REVERSION-EDGE,wf_11,train,MWG,2023-10-23,2023-10-24,forward_reference_reset,2023-10-27
TRIAL6-HSX-POOLED-MEAN-REVERSION-EDGE,wf_11,train,MWG,2023-10-24,2023-10-25,forward_reference_reset,2023-10-27
TRIAL6-HSX-POOLED-MEAN-REVERSION-EDGE,wf_11,train,VPB,2023-10-24,2023-10-25,forward_reference_reset,2023-10-27
TRIAL6-HSX-POOLED-MEAN-REVERSION-EDGE,wf_11,train,VPB,2023-10-25,2023-10-26,forward_reference_reset,2023-10-27|2023-11-09
TRIAL6-HSX-POOLED-MEAN-REVERSION-EDGE,wf_11,train,VPB,2023-10-26,2023-10-27,forward_reference_reset,2023-10-27|2023-11-09
TRIAL6-HSX-POOLED-MEAN-REVERSION-EDGE,wf_11,train,VPB,2024-05-07,2024-05-08,forward_reference_reset,2024-05-22
TRIAL6-HSX-POOLED-MEAN-REVERSION-EDGE,wf_11,train,MBB,2024-05-08,2024-05-09,forward_reference_reset,2024-05-23
TRIAL6-HSX-POOLED-MEAN-REVERSION-EDGE,wf_11,train,VPB,2024-05-08,2024-05-09,forward_reference_reset,2024-05-22
TRIAL6-HSX-POOLED-MEAN-REVERSION-EDGE,wf_11,train,VND,2024-05-24,2024-05-27,forward_reference_reset,2024-05-29
TRIAL6-HSX-POOLED-MEAN-REVERSION-EDGE,wf_11,oos,PNJ,2024-09-20,2024-09-23,forward_reference_reset,2024-10-02
TRIAL6-HSX-POOLED-MEAN-REVERSION-EDGE,wf_11,oos,PNJ,2024-09-30,2024-10-01,forward_reference_reset,2024-10-02
TRIAL6-HSX-POOLED-MEAN-REVERSION-EDGE,wf_11,oos,PNJ,2024-10-01,2024-10-02,forward_reference_reset,2024-10-02
TRIAL6-HSX-POOLED-MEAN-REVERSION-EDGE,wf_12,train,VPB,2024-05-07,2024-05-08,forward_reference_reset,2024-05-22
TRIAL6-HSX-POOLED-MEAN-REVERSION-EDGE,wf_12,train,MBB,2024-05-08,2024-05-09,forward_reference_reset,2024-05-23
TRIAL6-HSX-POOLED-MEAN-REVERSION-EDGE,wf_12,train,VPB,2024-05-08,2024-05-09,forward_reference_reset,2024-05-22
TRIAL6-HSX-POOLED-MEAN-REVERSION-EDGE,wf_12,train,VND,2024-05-24,2024-05-27,forward_reference_reset,2024-05-29
TRIAL6-HSX-POOLED-MEAN-REVERSION-EDGE,wf_12,train,PNJ,2024-09-20,2024-09-23,forward_reference_reset,2024-10-02
TRIAL6-HSX-POOLED-MEAN-REVERSION-EDGE,wf_12,train,PNJ,2024-09-30,2024-10-01,forward_reference_reset,2024-10-02
TRIAL6-HSX-POOLED-MEAN-REVERSION-EDGE,wf_12,train,PNJ,2024-10-01,2024-10-02,forward_reference_reset,2024-10-02
TRIAL6-HSX-POOLED-MEAN-REVERSION-EDGE,wf_12,oos,FPT,2024-11-21,2024-11-22,forward_reference_reset,2024-12-02
TRIAL6-HSX-POOLED-MEAN-REVERSION-EDGE,wf_13,train,VPB,2024-05-07,2024-05-08,forward_reference_reset,2024-05-22
TRIAL6-HSX-POOLED-MEAN-REVERSION-EDGE,wf_13,train,MBB,2024-05-08,2024-05-09,forward_reference_reset,2024-05-23
TRIAL6-HSX-POOLED-MEAN-REVERSION-EDGE,wf_13,train,VPB,2024-05-08,2024-05-09,forward_reference_reset,2024-05-22
TRIAL6-HSX-POOLED-MEAN-REVERSION-EDGE,wf_13,train,VND,2024-05-24,2024-05-27,forward_reference_reset,2024-05-29
TRIAL6-HSX-POOLED-MEAN-REVERSION-EDGE,wf_13,train,PNJ,2024-09-20,2024-09-23,forward_reference_reset,2024-10-02
TRIAL6-HSX-POOLED-MEAN-REVERSION-EDGE,wf_13,train,PNJ,2024-09-30,2024-10-01,forward_reference_reset,2024-10-02
TRIAL6-HSX-POOLED-MEAN-REVERSION-EDGE,wf_13,train,PNJ,2024-10-01,2024-10-02,forward_reference_reset,2024-10-02
TRIAL6-HSX-POOLED-MEAN-REVERSION-EDGE,wf_13,train,FPT,2024-11-21,2024-11-22,forward_reference_reset,2024-12-02
TRIAL6-HSX-POOLED-MEAN-REVERSION-EDGE,wf_14,train,VPB,2024-05-07,2024-05-08,forward_reference_reset,2024-05-22
TRIAL6-HSX-POOLED-MEAN-REVERSION-EDGE,wf_14,train,MBB,2024-05-08,2024-05-09,forward_reference_reset,2024-05-23
TRIAL6-HSX-POOLED-MEAN-REVERSION-EDGE,wf_14,train,VPB,2024-05-08,2024-05-09,forward_reference_reset,2024-05-22
TRIAL6-HSX-POOLED-MEAN-REVERSION-EDGE,wf_14,train,VND,2024-05-24,2024-05-27,forward_reference_reset,2024-05-29
TRIAL6-HSX-POOLED-MEAN-REVERSION-EDGE,wf_14,train,PNJ,2024-09-20,2024-09-23,forward_reference_reset,2024-10-02
TRIAL6-HSX-POOLED-MEAN-REVERSION-EDGE,wf_14,train,PNJ,2024-09-30,2024-10-01,forward_reference_reset,2024-10-02
TRIAL6-HSX-POOLED-MEAN-REVERSION-EDGE,wf_14,train,PNJ,2024-10-01,2024-10-02,forward_reference_reset,2024-10-02
TRIAL6-HSX-POOLED-MEAN-REVERSION-EDGE,wf_14,train,FPT,2024-11-21,2024-11-22,forward_reference_reset,2024-12-02
TRIAL6-HSX-POOLED-MEAN-REVERSION-EDGE,wf_14,oos,VCB,2025-03-06,2025-03-07,forward_reference_reset,2025-03-12
TRIAL6-HSX-POOLED-MEAN-REVERSION-EDGE,wf_15,train,VPB,2024-05-07,2024-05-08,forward_reference_reset,2024-05-22
TRIAL6-HSX-POOLED-MEAN-REVERSION-EDGE,wf_15,train,MBB,2024-05-08,2024-05-09,forward_reference_reset,2024-05-23
TRIAL6-HSX-POOLED-MEAN-REVERSION-EDGE,wf_15,train,VPB,2024-05-08,2024-05-09,forward_reference_reset,2024-05-22
TRIAL6-HSX-POOLED-MEAN-REVERSION-EDGE,wf_15,train,VND,2024-05-24,2024-05-27,forward_reference_reset,2024-05-29
TRIAL6-HSX-POOLED-MEAN-REVERSION-EDGE,wf_15,train,PNJ,2024-09-20,2024-09-23,forward_reference_reset,2024-10-02
TRIAL6-HSX-POOLED-MEAN-REVERSION-EDGE,wf_15,train,PNJ,2024-09-30,2024-10-01,forward_reference_reset,2024-10-02
TRIAL6-HSX-POOLED-MEAN-REVERSION-EDGE,wf_15,train,PNJ,2024-10-01,2024-10-02,forward_reference_reset,2024-10-02
TRIAL6-HSX-POOLED-MEAN-REVERSION-EDGE,wf_15,train,FPT,2024-11-21,2024-11-22,forward_reference_reset,2024-12-02
TRIAL6-HSX-POOLED-MEAN-REVERSION-EDGE,wf_15,train,VCB,2025-03-06,2025-03-07,forward_reference_reset,2025-03-12
