partition,fold_id,ridge_penalty,train_observations,target_intercept,target_residual_z5,target_residual_1,target_residual_slope20,target_downside_semivol20,target_residual_ar1_20,target_market_return20,target_close_minus_sma50_fraction,target_sma20_minus_sma50_fraction,target_atr20_fraction,target_log_median_value60,capture_intercept,capture_residual_z5,capture_residual_1,capture_residual_slope20,capture_downside_semivol20,capture_residual_ar1_20,capture_market_return20,capture_close_minus_sma50_fraction,capture_sma20_minus_sma50_fraction,capture_atr20_fraction,capture_log_median_value60,loss_intercept,loss_residual_z5,loss_residual_1,loss_residual_slope20,loss_downside_semivol20,loss_residual_ar1_20,loss_market_return20,loss_close_minus_sma50_fraction,loss_sma20_minus_sma50_fraction,loss_atr20_fraction,loss_log_median_value60
in_sample,wf_01,10,291,0.12714776632302396,-0.005725731574151108,0.018546825704842465,-0.025501241258255744,0.0022542408742296724,0.0502397378457792,0.13565593853210128,0.04917508053545355,-0.0013023973016337027,0.07336683949730194,-0.03700751682136443,0.003335312347019972,-0.000831041371000564,0.0005169291732549569,-0.00022643019626695257,0.00042533706236249545,0.0009081383713907795,0.0031748887358388185,0.0019896392073494203,-0.0005194255829616347,0.0023113896968025857,-0.000796729515676411,0.025570503522100833,-0.0024076238983886536,-0.0007333338333289218,-0.0009130896379500753,8.386409850616168e-05,-0.0029688009066027674,-0.004973717990222585,0.0040434952797180615,-0.006279735706388874,-0.003693133259052697,0.007903883862843799
in_sample,wf_01,100,291,0.12714776632302396,-0.006608283026627083,0.00999437818543952,-0.01248367867241422,0.025504468930836497,0.03250142666640411,0.09558202661550423,0.05556209100068902,0.004724742032661002,0.04897918424811294,-0.02685287982323608,0.0033353123470199735,-0.0004680052259101232,0.0002778009271417445,-5.566267494317212e-05,0.0009512941352276848,0.0006214624443194241,0.0025119420157025825,0.0016384402315342884,-0.00013094398823787192,0.0015766299941915752,-0.0005463358895580498,0.02557050352210083,-0.0012819481013030657,-0.0007125718364261132,0.00010851395416775031,-0.0007811956905544633,-0.001664378784345574,-0.0024904448823809514,-5.5633519342084556e-05,-0.0023489756110777736,-0.0016381069779151324,0.005301044941621397
in_sample,wf_02,10,550,0.15090909090909102,-0.0178627381961717,0.009570961325231124,-0.02408718418342233,0.021727881340486525,0.046630957337235386,0.04904607178823624,0.13901358329325264,-0.047419518119726105,0.03205839212208787,-0.036503317284441145,0.00349058470293616,-0.0009469882554862582,9.668790298201393e-05,-7.238739127301359e-05,0.0003284236732234865,0.0012987424071723855,0.001176669064596446,0.003558630584834819,-0.0013521923824699592,0.0016861367538161902,-0.0007373211215546192,0.024150234892158673,-0.0011296599370680665,0.00042775943479561346,-0.003869129508817725,-0.0003010636535716875,-0.0018448554647080703,0.0017008519148534375,0.003218852539453842,-0.008880875086165642,-0.00457049711662175,0.009987591602894636
in_sample,wf_02,100,550,0.150909090909091,-0.007240103888024957,0.006141291689856389,-0.013087737074038715,0.02398795057806434,0.03917077906517518,0.058761403302917355,0.0899399856813779,-0.01700528013916939,0.024473153169876714,-0.03160662295822911,0.0034905847029361595,-0.00046650397861073607,3.817921569824343e-05,1.4065664647390092e-05,0.0006260297181626508,0.0010511489678526622,0.0014665660015171474,0.002260697020856574,-0.000565130289002954,0.0012305938706176137,-0.0005614304330449365,0.02415023489215868,-0.0013328337616522524,0.00010103693882482249,-0.002119423672189245,-0.0007084892226757905,-0.0011704951120274424,0.0013096765930224147,0.0009994996654206023,-0.004902172857703617,-0.002386753970515139,0.007398602441018147
in_sample,wf_03,10,940,0.13829787234042554,-0.005074240123709724,0.000853687825250572,-0.017043238472893355,-0.0026487144902896005,0.04025947459871092,0.05411237290782718,0.1317542309565338,-0.0799382710318243,0.028146111476053566,-0.02004876408748281,0.0028578679259186487,-0.0007466629181106786,2.9409716548677892e-06,-0.00010442535599849555,-0.00010740133459685123,0.0010222751622012106,0.0011227996134486006,0.0032997414995263375,-0.0019299070232114235,0.0016564395628077956,-0.0005618795699127029,0.01974823342096915,-0.0012794715928288022,0.0010376788058608331,-0.00302141157918317,0.002655381368586469,0.0015437900494222109,-0.0010072124512866352,0.004085155987550184,-0.0022504810178027397,-0.0024143274898517655,0.006346829188651377
in_sample,wf_03,100,940,0.13829787234042554,0.002694529121305779,0.00012397344487734228,-0.008640136585737663,0.0007836191738572642,0.03731999017179318,0.0608598399956853,0.09481833144048354,-0.05012798942498202,0.021631066327977098,-0.017148141617946214,0.002857867925918648,-0.0003915372313543266,-2.176859582710007e-05,-1.2774518277039808e-05,0.00011105749540989809,0.000920502618902023,0.0013447003916317872,0.002333563657900671,-0.0012129289463655092,0.001289057552586658,-0.0003971038415603246,0.01974823342096915,-0.0011633009856848412,0.000809610324292293,-0.002340863251842618,0.0016724208587033146,0.001674845419091943,-0.00041819339485501823,0.0025290321079154197,-0.0009970810950864315,-0.0011869487328592383,0.0052913510121361095
in_sample,wf_04,10,1322,0.21406959152798793,0.004695953355602715,-0.012718345507848502,-0.024685310585026505,0.024487506408183136,0.0050540059916510125,0.0414662209134712,0.1775620413017528,-0.0903781635245849,-0.05024009844702864,-0.008916330340137876,0.0035004827462905607,-0.0005033281530583928,-0.00018002078860191372,-0.0003330506914158997,0.0005317080070370051,0.000376368448097814,0.000786695695536171,0.003808436453193398,-0.0020109958306064983,0.000513710888600003,-0.00020136305128587225,0.015977941188665877,-0.0013028821465935006,0.0011266802786677704,-0.002344922057001464,-3.8781231609819966e-05,0.00200599804371997,-0.0008623093913627368,0.002494162270835003,-0.0013828788262348877,0.0030856520266073348,0.0034115631921438965
in_sample,wf_04,100,1322,0.2140695915279879,0.010212609726645458,-0.011836526000606166,-0.015291759056683124,0.014571036128644459,0.008409207313569507,0.053958477849556735,0.13636203066777805,-0.05970021409604381,-0.04025681346685221,-0.011936267435070298,0.0035004827462905607,-0.00026904404490404584,-0.0001748419410053928,-0.00019741784144252855,0.0004831358458405896,0.00039165873238695644,0.001063115968797371,0.002892075114391928,-0.0013476536741639357,0.00047923345248486313,-0.00017712393394819022,0.01597794118866588,-0.0010541986128231524,0.000980690321137164,-0.0020614071163069813,0.00021285965592373127,0.001835494927862957,-0.0006367883682636244,0.0017746345531472868,-0.0007649973683021795,0.002788168733309641,0.00325218728912628
in_sample,wf_05,10,1514,0.2866578599735799,0.001003353256844062,-0.008363162534894329,-0.004886855644148766,0.05779486094703567,0.013344439753274186,0.05014010245444692,0.1783745990846458,-0.061194402183752925,-0.11250555433413244,0.024183333738794745,0.0044587809962226,-0.0005230994431278026,-0.00010552441178474338,-4.025584378172697e-05,0.0012516615939065958,0.0004600030053424029,0.0008985809872200933,0.0037330144611003938,-0.0015788525670960253,-0.00046243773485781273,0.00039541405156577836,0.015109522434848572,-0.0011285151460433851,0.0011720396570538963,-0.002670257928143363,-0.00027416558150417423,0.001413306565791093,-0.0011617644302673966,0.002854137202473698,-0.0017738847783736636,0.0038114864597359657,0.0026151123672402544
in_sample,wf_05,100,1514,0.2866578599735799,0.00643702706432381,-0.007616638094541046,0.0020978246670742646,0.04032827804626251,0.017982274284815112,0.061828404627925014,0.1414095602156818,-0.033943810911740716,-0.09298319609766524,0.017272255489293394,0.0044587809962226,-0.0003120129345249969,-0.00010153905908996135,6.630002744274615e-05,0.0010369903352894945,0.0005079011709366659,0.0011541327077938459,0.0028983590448894924,-0.000981119959359228,-0.0002939178688913874,0.0003338292373300325,0.01510952243484857,-0.0008768442847205195,0.0010399207309105497,-0.002358267539649821,-1.5986241984861083e-05,0.0012835608575258426,-0.0008995675179586296,0.0020285858020625634,-0.0010912710079075223,0.00344836296065065,0.002547148057173822
in_sample,wf_06,10,1515,0.31287128712871287,-0.016051528636159836,-0.016029516785948394,0.0011562855178958733,0.055604467418349166,-0.013185516468279016,0.05112794071587034,0.19862314601893405,-0.055268300429615135,-0.13452309006910285,0.018223718082043882,0.004922646680341587,-0.0006760182393193674,-0.000245599500255216,-0.0001301405439613266,0.0012324457954015406,5.81142747535369e-05,0.0008246091700003117,0.004012309669665498,-0.0017153218377675185,-0.0007365967763616222,0.00036352974253239535,0.014052137014137624,6.632683594838753e-05,0.0011035468561883099,-0.001916735570942497,-0.001384039403062596,0.0007077551937889899,0.0046296037129068485,0.0029570813832722575,0.000390922429902965,0.0033625752995289186,0.0017201277114756905
in_sample,wf_06,100,1515,0.31287128712871287,-0.008361471796786092,-0.014620387467577597,0.006672417824857175,0.037736886270448224,-0.007997528858546635,0.06067010349155869,0.16493713010811914,-0.03178094797807884,-0.1131474157185132,0.012893604839979578,0.004922646680341588,-0.0004598960456799346,-0.00022961229922395816,-9.420962768996553e-06,0.000996559818311833,0.00010717370181035057,0.0010322499258571835,0.003273377411364984,-0.0011577530632655192,-0.0005278909335894473,0.00031688992695378987,0.014052137014137624,7.852371910005883e-05,0.0010074401505078307,-0.0017010204214683992,-0.0009737792615634406,0.0005653751830376832,0.0043169077533739145,0.0028556998980701614,0.0005932864394759886,0.002931199040956472,0.001684060361468793
in_sample,wf_07,10,1380,0.31594202898550733,-0.01605028384811366,-0.021931377696780486,0.020316657931925507,0.05198927240471656,-0.02044912186991232,0.06517199051947221,0.199568258244532,-0.05332744977223311,-0.12206321325739504,0.021869412883117615,0.004641673065652363,-0.0006759386624526255,-0.0003990858973859679,0.000200478986367264,0.0012789992563327552,-0.0001939850624796609,0.0006424458102247243,0.004210974147491001,-0.0017457962678906736,-0.0010170544909625288,0.0005886752619501763,0.013561520918117726,0.0003784360008544128,0.0015052925060038487,-0.0019617625175293064,-0.0015901493642953516,0.0013885026374321932,0.005662109065665155,0.0005262209891620463,0.0016535757207032423,0.004909806059660135,0.0006177640971915238
in_sample,wf_07,100,1380,0.31594202898550733,-0.004868418109588277,-0.018911971557458516,0.02378583941798693,0.033802491697925804,-0.0153715093077539,0.07729217140937823,0.1563069851074045,-0.02252415790284003,-0.10065538814708919,0.013950244204101013,0.004641673065652362,-0.00037569469352734166,-0.0003461068518428278,0.0003040653310880354,0.000960260202202043,-0.00015042506247084264,0.0009266729034431205,0.0031714970895714016,-0.0009369120335751032,-0.00076195042975851,0.00048009933181196956,0.013561520918117726,0.00023481740192624599,0.0013578752492659433,-0.0018174996121399138,-0.000982846778767939,0.0010920156254944663,0.00495395297421747,0.0010258044690274017,0.001469797895303453,0.003929452103550916,0.0008845100757921583
in_sample,wf_08,10,1198,0.4048414023372287,-0.03527253787101596,-0.024559923292948177,0.04830729619395782,0.02347293498074877,-0.015147013365406485,0.08955904583124648,0.19220228883534524,-0.00037306804973115913,-0.09538066748786117,0.024003663431816896,0.005493472073458815,-0.0007879174813735471,-0.00036630235848200254,0.00035379862386032815,0.0010576013810280832,-0.0003148101691785921,0.0009804438118408713,0.0039758265365916244,-0.0010844903979478132,-0.0004881194095301926,0.0004448093504442858,0.011265999235365724,0.0011515820110068798,0.0011658284730425598,-0.0011871246290324708,-0.0010472093799812527,0.0011620273802196328,0.004045231841374306,-0.0005620155940188373,0.002649481130044851,0.004470093303349737,-0.0004755138126111346
in_sample,wf_08,100,1198,0.4048414023372287,-0.018529918640389127,-0.020494684427556975,0.04393644850799254,0.01284196905206509,-0.011704724106088964,0.0980510903409568,0.1518109731003878,0.023120027842471885,-0.08188459656704333,0.020712875573579054,0.005493472073458815,-0.000418604483242429,-0.0003033871377471606,0.0003898777552400833,0.0008082555772414631,-0.00028971715742227275,0.0012118805785645665,0.0029307408425042936,-0.0003265918250619934,-0.0003382422880493383,0.00042122599170233734,0.011265999235365724,0.0008620609780623048,0.0010450537500074075,-0.0011729454633748236,-0.0005173112192377925,0.0009587644518362999,0.003316984120354706,0.0003290456426904257,0.002030936025685386,0.0036040870920540672,-0.00017230590744625923
in_sample,wf_09,10,1165,0.5613733905579399,0.012899126737225158,-0.014099732797773703,0.00565909298140725,0.017842269052392938,-0.03162359174802302,0.05633977775689252,0.09482138296148969,0.05694937244557715,-0.13768291213556633,0.017899044812114524,0.007410658268166095,8.725037673108816e-06,-0.00023989419975962103,-0.0001394485872344704,0.0007186542947645946,-0.000523931209011994,0.0006459276072946442,0.0024767363710642746,-0.0003519218263891864,-0.0003054283679359194,0.000315198020635201,0.012018359267738235,0.00032802508328588916,0.0004825343462316492,0.00018370696439198433,-0.00038505836161688886,0.0005980670734696866,0.004365182525919389,0.001108697838673115,-0.00018442987098637152,0.004801138130016933,0.0012343412751677988
in_sample,wf_09,100,1165,0.5613733905579399,0.013127733795428063,-0.012172858019570963,0.006143446454175357,0.003596761450880545,-0.027939719492465747,0.06123349928367761,0.08474699455623695,0.052693070820865634,-0.11244269280563754,0.01046777786611728,0.007410658268166095,0.00013262978996379232,-0.00019792918447811484,-2.247251176376263e-05,0.0005497362537688663,-0.0005171489102084783,0.0007585676155292334,0.0018755338028564907,7.3355439551545e-05,-0.00020190630045032558,0.0002713350461634667,0.012018359267738235,0.00034130002261513985,0.0004496600637769641,0.00020823460003445004,7.870616580793118e-05,0.0004964369154363487,0.0038189377472078864,0.001144165153802767,0.00014116860399429864,0.003889848996152004,0.0013967794881430784
