role,rotation,ticker,sector,campaign_id,level,event_time,side,purpose,quantity,reference_book_price_vnd,execution_price_vnd,gross_notional_vnd,commission_vnd,sell_tax_vnd,execution_friction_vnd,realized_pnl_vnd
optimization,2024-03,VCB,banks,2024-03:VCB:L1:C1,1,2024-03-01T13:57:00,BUY,buy,100,95700,95800,9580000,14370,0,10000,0
optimization,2024-03,VCB,banks,2024-03:VCB:L1:C2,1,2024-03-01T13:58:00,BUY,buy,100,95700,95800,9580000,14370,0,10000,0
optimization,2024-03,VCB,banks,2024-03:VCB:L1:C3,1,2024-03-01T13:58:00,BUY,buy,100,95700,95800,9580000,14370,0,10000,0
optimization,2024-03,VCB,banks,2024-03:VCB:L1:C1,1,2024-03-07T09:46:00,SELL,grid_target,100,97300,97300,9730000,14595,9730,0,111305
optimization,2024-03,VCB,banks,2024-03:VCB:L1:C2,1,2024-03-07T09:46:00,SELL,grid_target,100,97300,97300,9730000,14595,9730,0,111305
optimization,2024-03,VCB,banks,2024-03:VCB:L1:C3,1,2024-03-07T09:46:00,SELL,grid_target,100,97300,97300,9730000,14595,9730,0,111305
optimization,2024-03,MBB,banks,2024-03:MBB:L1:C1,1,2024-03-08T14:27:00,BUY,buy,100,23700,23750,2375000,3563,0,5000,0
optimization,2024-03,MBB,banks,2024-03:MBB:L1:C2,1,2024-03-08T14:27:00,BUY,buy,100,23700,23750,2375000,3563,0,5000,0
optimization,2024-03,MBB,banks,2024-03:MBB:L1:C3,1,2024-03-08T14:28:00,BUY,buy,100,23650,23700,2370000,3555,0,5000,0
optimization,2024-03,MBB,banks,2024-03:MBB:L2:C1,2,2024-03-11T10:46:00,BUY,buy,100,23350,23350,2335000,3503,0,0,0
optimization,2024-03,MBB,banks,2024-03:MBB:L2:C2,2,2024-03-11T10:46:00,BUY,buy,100,23350,23350,2335000,3503,0,0,0
optimization,2024-03,MBB,banks,2024-03:MBB:L2:C3,2,2024-03-11T10:46:00,BUY,buy,100,23350,23350,2335000,3503,0,0,0
optimization,2024-03,VCB,banks,2024-03:VCB:L1:C1,1,2024-03-11T13:02:00,BUY,buy,100,95100,95200,9520000,14280,0,10000,0
optimization,2024-03,VCB,banks,2024-03:VCB:L1:C2,1,2024-03-11T13:04:00,BUY,buy,100,95000,95100,9510000,14265,0,10000,0
optimization,2024-03,VCB,banks,2024-03:VCB:L1:C3,1,2024-03-11T13:04:00,BUY,buy,100,95000,95100,9510000,14265,0,10000,0
optimization,2024-03,MBB,banks,2024-03:MBB:L3:C1,3,2024-03-11T14:22:00,BUY,buy,100,22950,22950,2295000,3443,0,0,0
optimization,2024-03,MBB,banks,2024-03:MBB:L3:C2,3,2024-03-11T14:22:00,BUY,buy,100,22950,22950,2295000,3443,0,0,0
optimization,2024-03,MBB,banks,2024-03:MBB:L3:C3,3,2024-03-11T14:22:00,BUY,buy,100,22950,22950,2295000,3443,0,0,0
optimization,2024-03,VCB,banks,2024-03:VCB:L2:C1,2,2024-03-11T14:26:00,BUY,buy,100,94300,94300,9430000,14145,0,0,0
optimization,2024-03,VCB,banks,2024-03:VCB:L2:C2,2,2024-03-11T14:26:00,BUY,buy,100,94300,94300,9430000,14145,0,0,0
optimization,2024-03,VCB,banks,2024-03:VCB:L2:C3,2,2024-03-12T09:15:00,BUY,buy,100,94200,94300,9430000,14145,0,10000,0
optimization,2024-03,VCB,banks,2024-03:VCB:L2:C1,2,2024-03-13T13:00:00,SELL,grid_target,100,96000,95900,9590000,14385,9590,10000,121880
optimization,2024-03,VCB,banks,2024-03:VCB:L2:C2,2,2024-03-13T13:00:00,SELL,grid_target,100,96000,95900,9590000,14385,9590,10000,121880
optimization,2024-03,MBB,banks,2024-03:MBB:L3:C1,3,2024-03-13T13:42:00,SELL,grid_target,100,23400,23400,2340000,3510,2340,0,35707
optimization,2024-03,MBB,banks,2024-03:MBB:L3:C2,3,2024-03-13T13:42:00,SELL,grid_target,100,23400,23400,2340000,3510,2340,0,35707
optimization,2024-03,MBB,banks,2024-03:MBB:L3:C3,3,2024-03-13T13:42:00,SELL,grid_target,100,23400,23400,2340000,3510,2340,0,35707
optimization,2024-03,MBB,banks,2024-03:MBB:L2:C1,2,2024-03-14T09:15:00,SELL,grid_target,100,23850,23800,2380000,3570,2380,5000,35547
optimization,2024-03,MBB,banks,2024-03:MBB:L2:C2,2,2024-03-14T09:15:00,SELL,grid_target,100,23850,23800,2380000,3570,2380,5000,35547
optimization,2024-03,MBB,banks,2024-03:MBB:L2:C3,2,2024-03-14T09:15:00,SELL,grid_target,100,23850,23800,2380000,3570,2380,5000,35547
optimization,2024-03,VCB,banks,2024-03:VCB:L2:C1,2,2024-03-15T13:02:00,BUY,buy,100,94300,94300,9430000,14145,0,0,0
optimization,2024-03,VCB,banks,2024-03:VCB:L2:C2,2,2024-03-15T13:02:00,BUY,buy,100,94300,94300,9430000,14145,0,0,0
optimization,2024-03,MBB,banks,2024-03:MBB:L3:C1,3,2024-03-18T11:07:00,BUY,buy,100,22950,22950,2295000,3443,0,0,0
optimization,2024-03,MBB,banks,2024-03:MBB:L3:C2,3,2024-03-18T11:07:00,BUY,buy,100,22950,22950,2295000,3443,0,0,0
optimization,2024-03,MBB,banks,2024-03:MBB:L3:C3,3,2024-03-18T11:07:00,BUY,buy,100,22950,22950,2295000,3443,0,0,0
optimization,2024-03,VCB,banks,2024-03:VCB:L3:C1,3,2024-03-18T11:18:00,BUY,buy,100,92700,92800,9280000,13920,0,10000,0
optimization,2024-03,VCB,banks,2024-03:VCB:L3:C2,3,2024-03-18T11:18:00,BUY,buy,100,92700,92800,9280000,13920,0,10000,0
optimization,2024-03,VCB,banks,2024-03:VCB:L3:C3,3,2024-03-18T11:19:00,BUY,buy,100,92700,92800,9280000,13920,0,10000,0
optimization,2024-03,MBB,banks,2024-03:MBB:L2:C1,2,2024-03-18T13:02:00,BUY,buy,100,22950,23000,2300000,3450,0,5000,0
optimization,2024-03,MBB,banks,2024-03:MBB:L2:C2,2,2024-03-18T13:02:00,BUY,buy,100,22950,23000,2300000,3450,0,5000,0
optimization,2024-03,MBB,banks,2024-03:MBB:L2:C3,2,2024-03-18T13:02:00,BUY,buy,100,22950,23000,2300000,3450,0,5000,0
optimization,2024-03,MBB,banks,2024-03:MBB:L1:C1,1,2024-03-20T10:46:00,SELL,grid_target,100,24200,24150,2415000,3623,2415,5000,30399
optimization,2024-03,MBB,banks,2024-03:MBB:L1:C2,1,2024-03-20T10:46:00,SELL,grid_target,100,24200,24150,2415000,3623,2415,5000,30399
optimization,2024-03,MBB,banks,2024-03:MBB:L1:C3,1,2024-03-20T10:46:00,SELL,grid_target,100,24200,24150,2415000,3623,2415,5000,35407
optimization,2024-03,MBB,banks,2024-03:MBB:L3:C1,3,2024-03-20T13:00:00,SELL,grid_target,100,23950,23900,2390000,3585,2390,5000,85582
optimization,2024-03,MBB,banks,2024-03:MBB:L3:C2,3,2024-03-20T13:00:00,SELL,grid_target,100,23950,23900,2390000,3585,2390,5000,85582
optimization,2024-03,MBB,banks,2024-03:MBB:L3:C3,3,2024-03-20T13:00:00,SELL,grid_target,100,23950,23900,2390000,3585,2390,5000,85582
optimization,2024-03,MBB,banks,2024-03:MBB:L2:C1,2,2024-03-20T13:00:00,SELL,grid_target,100,23950,23900,2390000,3585,2390,5000,80575
optimization,2024-03,MBB,banks,2024-03:MBB:L2:C2,2,2024-03-20T13:00:00,SELL,grid_target,100,23950,23900,2390000,3585,2390,5000,80575
optimization,2024-03,MBB,banks,2024-03:MBB:L2:C3,2,2024-03-20T13:00:00,SELL,grid_target,100,23950,23900,2390000,3585,2390,5000,80575
optimization,2024-03,VCB,banks,2024-03:VCB:L3:C1,3,2024-03-21T09:51:00,SELL,grid_target,100,94500,94400,9440000,14160,9440,10000,122480
optimization,2024-03,VCB,banks,2024-03:VCB:L3:C2,3,2024-03-21T09:52:00,SELL,grid_target,100,94700,94600,9460000,14190,9460,10000,142430
optimization,2024-03,VCB,banks,2024-03:VCB:L3:C3,3,2024-03-21T09:52:00,SELL,grid_target,100,94700,94600,9460000,14190,9460,10000,142430
optimization,2024-03,VCB,banks,2024-03:VCB:L2:C3,2,2024-03-22T09:41:00,SELL,grid_target,100,95900,95900,9590000,14385,9590,0,121880
optimization,2024-03,VCB,banks,2024-03:VCB:L2:C1,2,2024-03-22T09:41:00,SELL,grid_target,100,95900,95900,9590000,14385,9590,0,121880
optimization,2024-03,VCB,banks,2024-03:VCB:L2:C2,2,2024-03-22T09:41:00,SELL,grid_target,100,95900,95900,9590000,14385,9590,0,121880
optimization,2024-03,VCB,banks,2024-03:VCB:L1:C1,1,2024-03-25T09:29:00,SELL,scheduled_wind_down,100,95700,95600,9560000,14340,9560,10000,1820
optimization,2024-03,VCB,banks,2024-03:VCB:L1:C2,1,2024-03-25T09:29:00,SELL,scheduled_wind_down,100,95700,95600,9560000,14340,9560,10000,11835
optimization,2024-03,VCB,banks,2024-03:VCB:L1:C3,1,2024-03-25T09:31:00,SELL,scheduled_wind_down,100,95600,95500,9550000,14325,9550,10000,1860
optimization,2024-04,SSI,securities,2024-04:SSI:L1:C1,1,2024-04-05T09:15:00,BUY,buy,100,37050,37100,3710000,5565,0,5000,0
optimization,2024-04,SSI,securities,2024-04:SSI:L1:C2,1,2024-04-05T09:15:00,BUY,buy,100,37050,37100,3710000,5565,0,5000,0
optimization,2024-04,SSI,securities,2024-04:SSI:L1:C3,1,2024-04-05T09:15:00,BUY,buy,100,37050,37100,3710000,5565,0,5000,0
optimization,2024-04,VND,securities,2024-04:VND:L1:C1,1,2024-04-05T09:15:00,BUY,buy,100,22200,22250,2225000,3338,0,5000,0
optimization,2024-04,VND,securities,2024-04:VND:L1:C2,1,2024-04-05T09:15:00,BUY,buy,100,22200,22250,2225000,3338,0,5000,0
optimization,2024-04,VND,securities,2024-04:VND:L1:C3,1,2024-04-05T09:15:00,BUY,buy,100,22200,22250,2225000,3338,0,5000,0
optimization,2024-04,SSI,securities,2024-04:SSI:L2:C1,2,2024-04-05T10:16:00,BUY,buy,100,36950,36950,3695000,5543,0,0,0
optimization,2024-04,SSI,securities,2024-04:SSI:L2:C2,2,2024-04-05T10:16:00,BUY,buy,100,36950,36950,3695000,5543,0,0,0
optimization,2024-04,SSI,securities,2024-04:SSI:L2:C3,2,2024-04-05T10:16:00,BUY,buy,100,36950,36950,3695000,5543,0,0,0
optimization,2024-04,VND,securities,2024-04:VND:L2:C1,2,2024-04-08T10:03:00,BUY,buy,100,21800,21800,2180000,3270,0,0,0
optimization,2024-04,VND,securities,2024-04:VND:L2:C2,2,2024-04-08T10:03:00,BUY,buy,100,21800,21800,2180000,3270,0,0,0
optimization,2024-04,VND,securities,2024-04:VND:L2:C3,2,2024-04-08T10:03:00,BUY,buy,100,21800,21800,2180000,3270,0,0,0
optimization,2024-04,SSI,securities,2024-04:SSI:L2:C1,2,2024-04-12T13:47:00,SELL,grid_target,100,37750,37750,3775000,5663,3775,0,65019
optimization,2024-04,SSI,securities,2024-04:SSI:L2:C2,2,2024-04-12T13:47:00,SELL,grid_target,100,37750,37750,3775000,5663,3775,0,65019
optimization,2024-04,SSI,securities,2024-04:SSI:L2:C3,2,2024-04-12T13:47:00,SELL,grid_target,100,37750,37750,3775000,5663,3775,0,65019
optimization,2024-04,SSI,securities,2024-04:SSI:L1:C1,1,2024-04-16T09:16:00,SELL,risk_exit,100,35150,35100,3510000,5265,3510,5000,-214340
optimization,2024-04,SSI,securities,2024-04:SSI:L1:C2,1,2024-04-16T09:16:00,SELL,risk_exit,100,35150,35100,3510000,5265,3510,5000,-214340
optimization,2024-04,SSI,securities,2024-04:SSI:L1:C3,1,2024-04-16T09:16:00,SELL,risk_exit,100,35150,35100,3510000,5265,3510,5000,-214340
optimization,2024-04,VND,securities,2024-04:VND:L1:C1,1,2024-04-16T09:16:00,SELL,risk_exit,100,20450,20400,2040000,3060,2040,5000,-193438
optimization,2024-04,VND,securities,2024-04:VND:L1:C2,1,2024-04-16T09:16:00,SELL,risk_exit,100,20450,20400,2040000,3060,2040,5000,-193438
optimization,2024-04,VND,securities,2024-04:VND:L1:C3,1,2024-04-16T09:16:00,SELL,risk_exit,100,20450,20400,2040000,3060,2040,5000,-193438
optimization,2024-04,VND,securities,2024-04:VND:L2:C1,2,2024-04-16T09:16:00,SELL,risk_exit,100,20450,20400,2040000,3060,2040,5000,-148370
optimization,2024-04,VND,securities,2024-04:VND:L2:C2,2,2024-04-16T09:16:00,SELL,risk_exit,100,20450,20400,2040000,3060,2040,5000,-148370
optimization,2024-04,VND,securities,2024-04:VND:L2:C3,2,2024-04-16T09:16:00,SELL,risk_exit,100,20450,20400,2040000,3060,2040,5000,-148370
optimization,2024-07,TCB,banks,2024-07:TCB:L1:C1,1,2024-07-02T09:26:00,BUY,buy,100,22750,22750,2275000,3413,0,0,0
optimization,2024-07,TCB,banks,2024-07:TCB:L1:C2,1,2024-07-02T09:26:00,BUY,buy,100,22750,22750,2275000,3413,0,0,0
optimization,2024-07,TCB,banks,2024-07:TCB:L1:C3,1,2024-07-02T09:26:00,BUY,buy,100,22750,22750,2275000,3413,0,0,0
optimization,2024-07,TCB,banks,2024-07:TCB:L1:C1,1,2024-07-04T13:00:00,SELL,grid_target,100,23400,23350,2335000,3503,2335,5000,50749
optimization,2024-07,TCB,banks,2024-07:TCB:L1:C2,1,2024-07-04T13:00:00,SELL,grid_target,100,23400,23350,2335000,3503,2335,5000,50749
optimization,2024-07,TCB,banks,2024-07:TCB:L1:C3,1,2024-07-04T13:00:00,SELL,grid_target,100,23400,23350,2335000,3503,2335,5000,50749
optimization,2024-07,TCB,banks,2024-07:TCB:L1:C1,1,2024-07-15T13:39:00,BUY,buy,100,22750,22750,2275000,3413,0,0,0
optimization,2024-07,TCB,banks,2024-07:TCB:L1:C2,1,2024-07-15T13:39:00,BUY,buy,100,22750,22750,2275000,3413,0,0,0
optimization,2024-07,TCB,banks,2024-07:TCB:L1:C3,1,2024-07-15T13:39:00,BUY,buy,100,22750,22750,2275000,3413,0,0,0
optimization,2024-07,TCB,banks,2024-07:TCB:L1:C1,1,2024-07-17T13:41:00,SELL,grid_target,100,23400,23350,2335000,3503,2335,5000,50749
optimization,2024-07,TCB,banks,2024-07:TCB:L1:C2,1,2024-07-17T13:41:00,SELL,grid_target,100,23400,23350,2335000,3503,2335,5000,50749
optimization,2024-07,TCB,banks,2024-07:TCB:L1:C3,1,2024-07-17T13:41:00,SELL,grid_target,100,23400,23350,2335000,3503,2335,5000,50749
optimization,2024-08,TCB,banks,2024-08:TCB:L1:C1,1,2024-08-01T13:52:00,BUY,buy,100,22800,22850,2285000,3428,0,5000,0
optimization,2024-08,TCB,banks,2024-08:TCB:L1:C2,1,2024-08-01T13:52:00,BUY,buy,100,22800,22850,2285000,3428,0,5000,0
optimization,2024-08,TCB,banks,2024-08:TCB:L1:C3,1,2024-08-01T13:52:00,BUY,buy,100,22800,22850,2285000,3428,0,5000,0
optimization,2024-08,VCB,banks,2024-08:VCB:L1:C1,1,2024-08-05T09:25:00,BUY,buy,100,88300,88300,8830000,13245,0,0,0
optimization,2024-08,VCB,banks,2024-08:VCB:L1:C2,1,2024-08-05T09:25:00,BUY,buy,100,88300,88300,8830000,13245,0,0,0
optimization,2024-08,VCB,banks,2024-08:VCB:L1:C3,1,2024-08-05T09:25:00,BUY,buy,100,88300,88300,8830000,13245,0,0,0
optimization,2024-08,VCB,banks,2024-08:VCB:L2:C1,2,2024-08-05T13:00:00,BUY,buy,100,87400,87500,8750000,13125,0,10000,0
optimization,2024-08,VCB,banks,2024-08:VCB:L2:C2,2,2024-08-05T13:00:00,BUY,buy,100,87400,87500,8750000,13125,0,10000,0
optimization,2024-08,VCB,banks,2024-08:VCB:L2:C3,2,2024-08-05T13:00:00,BUY,buy,100,87400,87500,8750000,13125,0,10000,0
optimization,2024-08,TCB,banks,2024-08:TCB:L2:C1,2,2024-08-05T13:06:00,BUY,buy,100,22550,22550,2255000,3383,0,0,0
optimization,2024-08,TCB,banks,2024-08:TCB:L2:C2,2,2024-08-05T13:06:00,BUY,buy,100,22550,22550,2255000,3383,0,0,0
optimization,2024-08,TCB,banks,2024-08:TCB:L2:C3,2,2024-08-05T13:06:00,BUY,buy,100,22550,22550,2255000,3383,0,0,0
optimization,2024-08,TCB,banks,2024-08:TCB:L3:C1,3,2024-08-06T10:04:00,BUY,buy,100,22150,22200,2220000,3330,0,5000,0
optimization,2024-08,TCB,banks,2024-08:TCB:L3:C2,3,2024-08-06T10:04:00,BUY,buy,100,22150,22200,2220000,3330,0,5000,0
optimization,2024-08,TCB,banks,2024-08:TCB:L3:C3,3,2024-08-06T10:04:00,BUY,buy,100,22150,22200,2220000,3330,0,5000,0
optimization,2024-08,TCB,banks,2024-08:TCB:L4:C1,4,2024-08-07T11:20:00,BUY,buy,100,21900,21900,2190000,3285,0,0,0
optimization,2024-08,TCB,banks,2024-08:TCB:L4:C2,4,2024-08-07T11:20:00,BUY,buy,100,21900,21900,2190000,3285,0,0,0
optimization,2024-08,TCB,banks,2024-08:TCB:L4:C3,4,2024-08-07T11:20:00,BUY,buy,100,21900,21900,2190000,3285,0,0,0
optimization,2024-08,TCB,banks,2024-08:TCB:L1:C1,1,2024-08-08T09:16:00,SELL,risk_exit,100,21500,21450,2145000,3218,2145,5000,-148791
optimization,2024-08,TCB,banks,2024-08:TCB:L1:C2,1,2024-08-08T09:16:00,SELL,risk_exit,100,21500,21450,2145000,3218,2145,5000,-148791
optimization,2024-08,TCB,banks,2024-08:TCB:L1:C3,1,2024-08-08T09:16:00,SELL,risk_exit,100,21500,21450,2145000,3218,2145,5000,-148791
optimization,2024-08,TCB,banks,2024-08:TCB:L2:C1,2,2024-08-08T09:16:00,SELL,risk_exit,100,21500,21450,2145000,3218,2145,5000,-118746
optimization,2024-08,TCB,banks,2024-08:TCB:L2:C2,2,2024-08-08T09:16:00,SELL,risk_exit,100,21500,21450,2145000,3218,2145,5000,-118746
optimization,2024-08,TCB,banks,2024-08:TCB:L2:C3,2,2024-08-08T09:16:00,SELL,risk_exit,100,21500,21450,2145000,3218,2145,5000,-118746
optimization,2024-08,TCB,banks,2024-08:TCB:L3:C1,3,2024-08-08T13:00:00,SELL,risk_exit,100,21250,21200,2120000,3180,2120,5000,-108630
optimization,2024-08,TCB,banks,2024-08:TCB:L3:C2,3,2024-08-08T13:00:00,SELL,risk_exit,100,21250,21200,2120000,3180,2120,5000,-108630
optimization,2024-08,TCB,banks,2024-08:TCB:L3:C3,3,2024-08-08T13:00:00,SELL,risk_exit,100,21250,21200,2120000,3180,2120,5000,-108630
optimization,2024-08,TCB,banks,2024-08:TCB:L4:C1,4,2024-08-09T13:00:00,SELL,risk_exit,100,21100,21050,2105000,3158,2105,5000,-93548
optimization,2024-08,TCB,banks,2024-08:TCB:L4:C2,4,2024-08-09T13:00:00,SELL,risk_exit,100,21100,21050,2105000,3158,2105,5000,-93548
optimization,2024-08,TCB,banks,2024-08:TCB:L4:C3,4,2024-08-09T13:00:00,SELL,risk_exit,100,21100,21050,2105000,3158,2105,5000,-93548
optimization,2024-08,VCB,banks,2024-08:VCB:L2:C1,2,2024-08-13T11:17:00,SELL,grid_target,100,88500,88400,8840000,13260,8840,10000,54775
optimization,2024-08,VCB,banks,2024-08:VCB:L2:C2,2,2024-08-13T11:17:00,SELL,grid_target,100,88500,88400,8840000,13260,8840,10000,54775
optimization,2024-08,VCB,banks,2024-08:VCB:L2:C3,2,2024-08-13T11:18:00,SELL,grid_target,100,88500,88400,8840000,13260,8840,10000,54775
optimization,2024-08,VCB,banks,2024-08:VCB:L1:C1,1,2024-08-14T09:15:00,SELL,grid_target,100,89300,89200,8920000,13380,8920,10000,54455
optimization,2024-08,VCB,banks,2024-08:VCB:L1:C2,1,2024-08-14T09:37:00,SELL,grid_target,100,89200,89200,8920000,13380,8920,0,54455
optimization,2024-08,VCB,banks,2024-08:VCB:L1:C3,1,2024-08-14T09:37:00,SELL,grid_target,100,89200,89200,8920000,13380,8920,0,54455
optimization,2024-08,VCB,banks,2024-08:VCB:L1:C1,1,2024-08-16T13:03:00,BUY,buy,100,88300,88300,8830000,13245,0,0,0
optimization,2024-08,VCB,banks,2024-08:VCB:L1:C2,1,2024-08-16T13:09:00,BUY,buy,100,88200,88300,8830000,13245,0,10000,0
optimization,2024-08,VCB,banks,2024-08:VCB:L1:C3,1,2024-08-16T13:09:00,BUY,buy,100,88200,88300,8830000,13245,0,10000,0
optimization,2024-08,VCB,banks,2024-08:VCB:L1:C1,1,2024-08-20T13:00:00,SELL,grid_target,100,90300,90200,9020000,13530,9020,10000,154205
optimization,2024-08,VCB,banks,2024-08:VCB:L1:C2,1,2024-08-20T13:01:00,SELL,grid_target,100,90300,90200,9020000,13530,9020,10000,154205
optimization,2024-08,VCB,banks,2024-08:VCB:L1:C3,1,2024-08-20T13:01:00,SELL,grid_target,100,90300,90200,9020000,13530,9020,10000,154205
optimization,2024-09,TCB,banks,2024-09:TCB:L1:C1,1,2024-09-04T09:23:00,BUY,buy,100,22900,22950,2295000,3443,0,5000,0
optimization,2024-09,TCB,banks,2024-09:TCB:L1:C2,1,2024-09-04T09:23:00,BUY,buy,100,22900,22950,2295000,3443,0,5000,0
optimization,2024-09,TCB,banks,2024-09:TCB:L1:C3,1,2024-09-04T09:23:00,BUY,buy,100,22900,22950,2295000,3443,0,5000,0
optimization,2024-09,VCB,banks,2024-09:VCB:L1:C1,1,2024-09-04T09:36:00,BUY,buy,100,90400,90500,9050000,13575,0,10000,0
optimization,2024-09,VCB,banks,2024-09:VCB:L1:C2,1,2024-09-04T09:36:00,BUY,buy,100,90400,90500,9050000,13575,0,10000,0
optimization,2024-09,VCB,banks,2024-09:VCB:L1:C3,1,2024-09-04T09:36:00,BUY,buy,100,90400,90500,9050000,13575,0,10000,0
optimization,2024-09,VCB,banks,2024-09:VCB:L2:C1,2,2024-09-09T09:20:00,BUY,buy,100,89600,89600,8960000,13440,0,0,0
optimization,2024-09,VCB,banks,2024-09:VCB:L2:C2,2,2024-09-09T09:20:00,BUY,buy,100,89600,89600,8960000,13440,0,0,0
optimization,2024-09,VCB,banks,2024-09:VCB:L2:C3,2,2024-09-09T09:23:00,BUY,buy,100,89500,89600,8960000,13440,0,10000,0
optimization,2024-09,TCB,banks,2024-09:TCB:L2:C1,2,2024-09-10T13:07:00,BUY,buy,100,22600,22600,2260000,3390,0,0,0
optimization,2024-09,TCB,banks,2024-09:TCB:L2:C2,2,2024-09-10T13:10:00,BUY,buy,100,22600,22600,2260000,3390,0,0,0
optimization,2024-09,TCB,banks,2024-09:TCB:L2:C3,2,2024-09-10T13:10:00,BUY,buy,100,22600,22600,2260000,3390,0,0,0
optimization,2024-09,TCB,banks,2024-09:TCB:L3:C1,3,2024-09-11T09:25:00,BUY,buy,100,22200,22200,2220000,3330,0,0,0
optimization,2024-09,TCB,banks,2024-09:TCB:L3:C2,3,2024-09-11T09:25:00,BUY,buy,100,22200,22200,2220000,3330,0,0,0
optimization,2024-09,TCB,banks,2024-09:TCB:L3:C3,3,2024-09-11T09:25:00,BUY,buy,100,22200,22200,2220000,3330,0,0,0
optimization,2024-09,VCB,banks,2024-09:VCB:L3:C1,3,2024-09-11T10:26:00,BUY,buy,100,88700,88700,8870000,13305,0,0,0
optimization,2024-09,VCB,banks,2024-09:VCB:L3:C2,3,2024-09-11T10:30:00,BUY,buy,100,88700,88700,8870000,13305,0,0,0
optimization,2024-09,VCB,banks,2024-09:VCB:L3:C3,3,2024-09-11T10:41:00,BUY,buy,100,88700,88700,8870000,13305,0,0,0
optimization,2024-09,VCB,banks,2024-09:VCB:L3:C1,3,2024-09-13T13:57:00,SELL,grid_target,100,89700,89700,8970000,13455,8970,0,64270
optimization,2024-09,VCB,banks,2024-09:VCB:L3:C2,3,2024-09-13T13:57:00,SELL,grid_target,100,89700,89700,8970000,13455,8970,0,64270
optimization,2024-09,VCB,banks,2024-09:VCB:L3:C3,3,2024-09-13T13:57:00,SELL,grid_target,100,89700,89700,8970000,13455,8970,0,64270
optimization,2024-09,TCB,banks,2024-09:TCB:L3:C1,3,2024-09-16T09:52:00,SELL,grid_target,100,22650,22650,2265000,3398,2265,0,36007
optimization,2024-09,TCB,banks,2024-09:TCB:L3:C2,3,2024-09-16T09:52:00,SELL,grid_target,100,22650,22650,2265000,3398,2265,0,36007
optimization,2024-09,TCB,banks,2024-09:TCB:L3:C3,3,2024-09-16T09:52:00,SELL,grid_target,100,22650,22650,2265000,3398,2265,0,36007
optimization,2024-09,VCB,banks,2024-09:VCB:L2:C1,2,2024-09-18T09:57:00,SELL,grid_target,100,90800,90700,9070000,13605,9070,10000,73885
optimization,2024-09,VCB,banks,2024-09:VCB:L2:C2,2,2024-09-18T10:00:00,SELL,grid_target,100,90900,90800,9080000,13620,9080,10000,83860
optimization,2024-09,VCB,banks,2024-09:VCB:L2:C3,2,2024-09-18T10:00:00,SELL,grid_target,100,90900,90800,9080000,13620,9080,10000,83860
optimization,2024-09,VCB,banks,2024-09:VCB:L1:C1,1,2024-09-18T11:12:00,SELL,grid_target,100,91700,91700,9170000,13755,9170,0,83500
optimization,2024-09,VCB,banks,2024-09:VCB:L1:C2,1,2024-09-18T11:12:00,SELL,grid_target,100,91700,91700,9170000,13755,9170,0,83500
optimization,2024-09,VCB,banks,2024-09:VCB:L1:C3,1,2024-09-18T11:13:00,SELL,grid_target,100,91700,91700,9170000,13755,9170,0,83500
optimization,2024-09,TCB,banks,2024-09:TCB:L2:C1,2,2024-09-18T11:20:00,SELL,grid_target,100,23000,23000,2300000,3450,2300,0,30860
optimization,2024-09,TCB,banks,2024-09:TCB:L2:C2,2,2024-09-18T11:20:00,SELL,grid_target,100,23000,23000,2300000,3450,2300,0,30860
optimization,2024-09,TCB,banks,2024-09:TCB:L2:C3,2,2024-09-18T11:20:00,SELL,grid_target,100,23000,23000,2300000,3450,2300,0,30860
optimization,2024-09,TCB,banks,2024-09:TCB:L1:C1,1,2024-09-20T09:17:00,SELL,grid_target,100,23350,23350,2335000,3503,2335,0,30719
optimization,2024-09,TCB,banks,2024-09:TCB:L1:C2,1,2024-09-20T09:17:00,SELL,grid_target,100,23350,23350,2335000,3503,2335,0,30719
optimization,2024-09,TCB,banks,2024-09:TCB:L1:C3,1,2024-09-20T09:17:00,SELL,grid_target,100,23350,23350,2335000,3503,2335,0,30719
optimization,2024-10,VND,securities,2024-10:VND:L1:C1,1,2024-10-03T13:42:00,BUY,buy,100,14950,14950,1495000,2243,0,0,0
optimization,2024-10,VND,securities,2024-10:VND:L1:C2,1,2024-10-03T13:42:00,BUY,buy,100,14950,14950,1495000,2243,0,0,0
optimization,2024-10,VND,securities,2024-10:VND:L1:C3,1,2024-10-03T13:42:00,BUY,buy,100,14950,14950,1495000,2243,0,0,0
optimization,2024-10,SSI,securities,2024-10:SSI:L1:C1,1,2024-10-09T10:37:00,BUY,buy,100,27250,27250,2725000,4088,0,0,0
optimization,2024-10,SSI,securities,2024-10:SSI:L1:C2,1,2024-10-09T10:37:00,BUY,buy,100,27250,27250,2725000,4088,0,0,0
optimization,2024-10,SSI,securities,2024-10:SSI:L1:C3,1,2024-10-09T10:37:00,BUY,buy,100,27250,27250,2725000,4088,0,0,0
optimization,2024-10,VND,securities,2024-10:VND:L1:C1,1,2024-10-09T14:01:00,SELL,grid_target,100,15250,15250,1525000,2288,1525,0,23944
optimization,2024-10,VND,securities,2024-10:VND:L1:C2,1,2024-10-09T14:01:00,SELL,grid_target,100,15250,15250,1525000,2288,1525,0,23944
optimization,2024-10,VND,securities,2024-10:VND:L1:C3,1,2024-10-09T14:01:00,SELL,grid_target,100,15250,15250,1525000,2288,1525,0,23944
optimization,2024-10,SSI,securities,2024-10:SSI:L1:C1,1,2024-10-14T10:10:00,SELL,grid_target,100,27950,27900,2790000,4185,2790,5000,53937
optimization,2024-10,SSI,securities,2024-10:SSI:L1:C2,1,2024-10-14T10:10:00,SELL,grid_target,100,27950,27900,2790000,4185,2790,5000,53937
optimization,2024-10,SSI,securities,2024-10:SSI:L1:C3,1,2024-10-14T10:10:00,SELL,grid_target,100,27950,27900,2790000,4185,2790,5000,53937
optimization,2024-10,VND,securities,2024-10:VND:L1:C1,1,2024-10-15T14:14:00,BUY,buy,100,14900,14950,1495000,2243,0,5000,0
optimization,2024-10,VND,securities,2024-10:VND:L1:C2,1,2024-10-15T14:14:00,BUY,buy,100,14900,14950,1495000,2243,0,5000,0
optimization,2024-10,VND,securities,2024-10:VND:L1:C3,1,2024-10-15T14:14:00,BUY,buy,100,14900,14950,1495000,2243,0,5000,0
optimization,2024-10,SSI,securities,2024-10:SSI:L1:C1,1,2024-10-16T13:33:00,BUY,buy,100,27250,27250,2725000,4088,0,0,0
optimization,2024-10,SSI,securities,2024-10:SSI:L1:C2,1,2024-10-16T13:33:00,BUY,buy,100,27250,27250,2725000,4088,0,0,0
optimization,2024-10,SSI,securities,2024-10:SSI:L1:C3,1,2024-10-16T13:33:00,BUY,buy,100,27250,27250,2725000,4088,0,0,0
optimization,2024-10,VND,securities,2024-10:VND:L2:C1,2,2024-10-16T14:13:00,BUY,buy,100,14650,14700,1470000,2205,0,5000,0
optimization,2024-10,VND,securities,2024-10:VND:L2:C2,2,2024-10-16T14:13:00,BUY,buy,100,14650,14700,1470000,2205,0,5000,0
optimization,2024-10,VND,securities,2024-10:VND:L2:C3,2,2024-10-16T14:13:00,BUY,buy,100,14650,14700,1470000,2205,0,5000,0
optimization,2024-10,SSI,securities,2024-10:SSI:L1:C1,1,2024-10-25T09:16:00,SELL,scheduled_wind_down,100,26800,26750,2675000,4013,2675,5000,-60776
optimization,2024-10,VND,securities,2024-10:VND:L1:C1,1,2024-10-25T09:16:00,SELL,scheduled_wind_down,100,14350,14300,1430000,2145,1430,5000,-70818
optimization,2024-10,VND,securities,2024-10:VND:L1:C2,1,2024-10-25T09:16:00,SELL,scheduled_wind_down,100,14350,14300,1430000,2145,1430,5000,-70818
optimization,2024-10,VND,securities,2024-10:VND:L1:C3,1,2024-10-25T09:16:00,SELL,scheduled_wind_down,100,14350,14300,1430000,2145,1430,5000,-70818
optimization,2024-10,SSI,securities,2024-10:SSI:L1:C2,1,2024-10-25T09:17:00,SELL,scheduled_wind_down,100,26800,26750,2675000,4013,2675,5000,-60776
optimization,2024-10,SSI,securities,2024-10:SSI:L1:C3,1,2024-10-25T09:17:00,SELL,scheduled_wind_down,100,26800,26750,2675000,4013,2675,5000,-60776
optimization,2024-10,VND,securities,2024-10:VND:L2:C1,2,2024-10-25T09:17:00,SELL,scheduled_wind_down,100,14350,14300,1430000,2145,1430,5000,-45780
optimization,2024-10,VND,securities,2024-10:VND:L2:C2,2,2024-10-25T09:17:00,SELL,scheduled_wind_down,100,14350,14300,1430000,2145,1430,5000,-45780
optimization,2024-10,VND,securities,2024-10:VND:L2:C3,2,2024-10-25T09:17:00,SELL,scheduled_wind_down,100,14350,14300,1430000,2145,1430,5000,-45780
optimization,2024-11,SSI,securities,2024-11:SSI:L1:C1,1,2024-11-01T13:42:00,BUY,buy,100,26250,26250,2625000,3938,0,0,0
optimization,2024-11,SSI,securities,2024-11:SSI:L1:C2,1,2024-11-01T13:42:00,BUY,buy,100,26250,26250,2625000,3938,0,0,0
optimization,2024-11,SSI,securities,2024-11:SSI:L1:C3,1,2024-11-01T13:42:00,BUY,buy,100,26250,26250,2625000,3938,0,0,0
optimization,2024-11,SSI,securities,2024-11:SSI:L2:C1,2,2024-11-04T10:06:00,BUY,buy,100,25950,25950,2595000,3893,0,0,0
optimization,2024-11,SSI,securities,2024-11:SSI:L2:C2,2,2024-11-04T10:06:00,BUY,buy,100,25950,25950,2595000,3893,0,0,0
optimization,2024-11,SSI,securities,2024-11:SSI:L2:C3,2,2024-11-04T10:06:00,BUY,buy,100,25950,25950,2595000,3893,0,0,0
optimization,2024-11,VND,securities,2024-11:VND:L1:C1,1,2024-11-04T10:07:00,BUY,buy,100,14300,14300,1430000,2145,0,0,0
optimization,2024-11,VND,securities,2024-11:VND:L1:C2,1,2024-11-04T10:07:00,BUY,buy,100,14300,14300,1430000,2145,0,0,0
optimization,2024-11,VND,securities,2024-11:VND:L1:C3,1,2024-11-04T10:07:00,BUY,buy,100,14300,14300,1430000,2145,0,0,0
optimization,2024-11,SSI,securities,2024-11:SSI:L2:C1,2,2024-11-06T13:08:00,SELL,grid_target,100,26300,26300,2630000,3945,2630,0,24532
optimization,2024-11,SSI,securities,2024-11:SSI:L2:C2,2,2024-11-06T13:08:00,SELL,grid_target,100,26300,26300,2630000,3945,2630,0,24532
optimization,2024-11,SSI,securities,2024-11:SSI:L2:C3,2,2024-11-06T13:09:00,SELL,grid_target,100,26300,26300,2630000,3945,2630,0,24532
optimization,2024-11,VND,securities,2024-11:VND:L1:C1,1,2024-11-06T14:08:00,SELL,grid_target,100,14550,14550,1455000,2183,1455,0,19217
optimization,2024-11,VND,securities,2024-11:VND:L1:C2,1,2024-11-06T14:08:00,SELL,grid_target,100,14550,14550,1455000,2183,1455,0,19217
optimization,2024-11,VND,securities,2024-11:VND:L1:C3,1,2024-11-06T14:08:00,SELL,grid_target,100,14550,14550,1455000,2183,1455,0,19217
optimization,2024-11,SSI,securities,2024-11:SSI:L1:C1,1,2024-11-07T09:16:00,SELL,grid_target,100,26600,26600,2660000,3990,2660,0,24412
optimization,2024-11,SSI,securities,2024-11:SSI:L1:C2,1,2024-11-07T09:16:00,SELL,grid_target,100,26600,26600,2660000,3990,2660,0,24412
optimization,2024-11,SSI,securities,2024-11:SSI:L1:C3,1,2024-11-07T09:16:00,SELL,grid_target,100,26600,26600,2660000,3990,2660,0,24412
optimization,2024-11,SSI,securities,2024-11:SSI:L2:C1,2,2024-11-11T09:21:00,BUY,buy,100,25900,25950,2595000,3893,0,5000,0
optimization,2024-11,SSI,securities,2024-11:SSI:L2:C2,2,2024-11-11T09:21:00,BUY,buy,100,25900,25950,2595000,3893,0,5000,0
optimization,2024-11,SSI,securities,2024-11:SSI:L2:C3,2,2024-11-11T09:21:00,BUY,buy,100,25900,25950,2595000,3893,0,5000,0
optimization,2024-11,SSI,securities,2024-11:SSI:L3:C1,3,2024-11-11T10:44:00,BUY,buy,100,25650,25650,2565000,3848,0,0,0
optimization,2024-11,SSI,securities,2024-11:SSI:L3:C2,3,2024-11-11T10:44:00,BUY,buy,100,25650,25650,2565000,3848,0,0,0
optimization,2024-11,SSI,securities,2024-11:SSI:L3:C3,3,2024-11-11T10:44:00,BUY,buy,100,25650,25650,2565000,3848,0,0,0
optimization,2024-11,SSI,securities,2024-11:SSI:L1:C1,1,2024-11-11T13:02:00,BUY,buy,100,25650,25700,2570000,3855,0,5000,0
optimization,2024-11,SSI,securities,2024-11:SSI:L1:C2,1,2024-11-11T13:02:00,BUY,buy,100,25650,25700,2570000,3855,0,5000,0
optimization,2024-11,SSI,securities,2024-11:SSI:L1:C3,1,2024-11-11T13:02:00,BUY,buy,100,25650,25700,2570000,3855,0,5000,0
optimization,2024-11,VND,securities,2024-11:VND:L1:C1,1,2024-11-13T10:35:00,BUY,buy,100,14300,14300,1430000,2145,0,0,0
optimization,2024-11,VND,securities,2024-11:VND:L1:C2,1,2024-11-13T10:35:00,BUY,buy,100,14300,14300,1430000,2145,0,0,0
optimization,2024-11,VND,securities,2024-11:VND:L1:C3,1,2024-11-13T10:35:00,BUY,buy,100,14300,14300,1430000,2145,0,0,0
optimization,2024-11,SSI,securities,2024-11:SSI:L4:C1,4,2024-11-13T11:26:00,BUY,buy,100,25350,25350,2535000,3803,0,0,0
optimization,2024-11,SSI,securities,2024-11:SSI:L4:C2,4,2024-11-13T11:26:00,BUY,buy,100,25350,25350,2535000,3803,0,0,0
optimization,2024-11,SSI,securities,2024-11:SSI:L4:C3,4,2024-11-13T11:26:00,BUY,buy,100,25350,25350,2535000,3803,0,0,0
optimization,2024-11,VND,securities,2024-11:VND:L2:C1,2,2024-11-14T14:25:00,BUY,buy,100,14050,14050,1405000,2108,0,0,0
optimization,2024-11,VND,securities,2024-11:VND:L2:C2,2,2024-11-14T14:25:00,BUY,buy,100,14050,14050,1405000,2108,0,0,0
optimization,2024-11,VND,securities,2024-11:VND:L2:C3,2,2024-11-14T14:25:00,BUY,buy,100,14050,14050,1405000,2108,0,0,0
optimization,2024-11,SSI,securities,2024-11:SSI:L1:C1,1,2024-11-15T09:16:00,SELL,risk_exit,100,24500,24450,2445000,3668,2445,5000,-134968
optimization,2024-11,SSI,securities,2024-11:SSI:L1:C2,1,2024-11-15T09:16:00,SELL,risk_exit,100,24500,24450,2445000,3668,2445,5000,-134968
optimization,2024-11,SSI,securities,2024-11:SSI:L1:C3,1,2024-11-15T09:16:00,SELL,risk_exit,100,24500,24450,2445000,3668,2445,5000,-134968
optimization,2024-11,SSI,securities,2024-11:SSI:L2:C1,2,2024-11-15T09:16:00,SELL,risk_exit,100,24500,24450,2445000,3668,2445,5000,-160006
optimization,2024-11,SSI,securities,2024-11:SSI:L2:C2,2,2024-11-15T09:16:00,SELL,risk_exit,100,24500,24450,2445000,3668,2445,5000,-160006
optimization,2024-11,SSI,securities,2024-11:SSI:L2:C3,2,2024-11-15T09:16:00,SELL,risk_exit,100,24500,24450,2445000,3668,2445,5000,-160006
optimization,2024-11,SSI,securities,2024-11:SSI:L3:C1,3,2024-11-15T09:16:00,SELL,risk_exit,100,24500,24450,2445000,3668,2445,5000,-129961
optimization,2024-11,SSI,securities,2024-11:SSI:L3:C2,3,2024-11-15T09:16:00,SELL,risk_exit,100,24500,24450,2445000,3668,2445,5000,-129961
optimization,2024-11,SSI,securities,2024-11:SSI:L3:C3,3,2024-11-15T09:16:00,SELL,risk_exit,100,24500,24450,2445000,3668,2445,5000,-129961
optimization,2024-11,VND,securities,2024-11:VND:L3:C1,3,2024-11-15T11:12:00,BUY,buy,100,13850,13850,1385000,2078,0,0,0
optimization,2024-11,VND,securities,2024-11:VND:L3:C2,3,2024-11-15T11:12:00,BUY,buy,100,13850,13850,1385000,2078,0,0,0
optimization,2024-11,VND,securities,2024-11:VND:L3:C3,3,2024-11-15T11:12:00,BUY,buy,100,13850,13850,1385000,2078,0,0,0
optimization,2024-11,SSI,securities,2024-11:SSI:L4:C1,4,2024-11-15T13:01:00,SELL,risk_exit,100,24000,23950,2395000,3593,2395,5000,-149791
optimization,2024-11,SSI,securities,2024-11:SSI:L4:C2,4,2024-11-15T13:01:00,SELL,risk_exit,100,24000,23950,2395000,3593,2395,5000,-149791
optimization,2024-11,SSI,securities,2024-11:SSI:L4:C3,4,2024-11-15T13:01:00,SELL,risk_exit,100,24000,23950,2395000,3593,2395,5000,-149791
optimization,2024-11,VND,securities,2024-11:VND:L4:C1,4,2024-11-18T09:52:00,BUY,buy,100,13650,13650,1365000,2048,0,0,0
optimization,2024-11,VND,securities,2024-11:VND:L4:C2,4,2024-11-18T09:52:00,BUY,buy,100,13650,13650,1365000,2048,0,0,0
optimization,2024-11,VND,securities,2024-11:VND:L4:C3,4,2024-11-18T09:52:00,BUY,buy,100,13650,13650,1365000,2048,0,0,0
optimization,2024-11,VND,securities,2024-11:VND:L4:C1,4,2024-11-20T13:00:00,SELL,grid_target,100,13900,13900,1390000,2085,1390,0,19477
optimization,2024-11,VND,securities,2024-11:VND:L4:C2,4,2024-11-20T13:00:00,SELL,grid_target,100,13900,13900,1390000,2085,1390,0,19477
optimization,2024-11,VND,securities,2024-11:VND:L4:C3,4,2024-11-20T13:00:00,SELL,grid_target,100,13900,13900,1390000,2085,1390,0,19477
optimization,2024-11,VND,securities,2024-11:VND:L1:C1,1,2024-11-25T09:16:00,SELL,scheduled_wind_down,100,13750,13700,1370000,2055,1370,5000,-65570
optimization,2024-11,VND,securities,2024-11:VND:L1:C2,1,2024-11-25T09:16:00,SELL,scheduled_wind_down,100,13750,13700,1370000,2055,1370,5000,-65570
optimization,2024-11,VND,securities,2024-11:VND:L1:C3,1,2024-11-25T09:16:00,SELL,scheduled_wind_down,100,13750,13700,1370000,2055,1370,5000,-65570
optimization,2024-11,VND,securities,2024-11:VND:L2:C1,2,2024-11-25T09:20:00,SELL,scheduled_wind_down,100,13750,13700,1370000,2055,1370,5000,-40533
optimization,2024-11,VND,securities,2024-11:VND:L2:C2,2,2024-11-25T09:20:00,SELL,scheduled_wind_down,100,13750,13700,1370000,2055,1370,5000,-40533
optimization,2024-11,VND,securities,2024-11:VND:L2:C3,2,2024-11-25T09:20:00,SELL,scheduled_wind_down,100,13750,13700,1370000,2055,1370,5000,-40533
optimization,2024-11,VND,securities,2024-11:VND:L3:C1,3,2024-11-25T09:20:00,SELL,scheduled_wind_down,100,13750,13700,1370000,2055,1370,5000,-20503
optimization,2024-11,VND,securities,2024-11:VND:L3:C2,3,2024-11-25T09:20:00,SELL,scheduled_wind_down,100,13750,13700,1370000,2055,1370,5000,-20503
optimization,2024-11,VND,securities,2024-11:VND:L3:C3,3,2024-11-25T09:20:00,SELL,scheduled_wind_down,100,13750,13700,1370000,2055,1370,5000,-20503
optimization,2024-12,VPB,banks,2024-12:VPB:L1:C1,1,2024-12-05T09:58:00,BUY,buy,100,18850,18850,1885000,2828,0,0,0
optimization,2024-12,VPB,banks,2024-12:VPB:L1:C2,1,2024-12-05T09:58:00,BUY,buy,100,18850,18850,1885000,2828,0,0,0
optimization,2024-12,VPB,banks,2024-12:VPB:L1:C3,1,2024-12-05T09:58:00,BUY,buy,100,18850,18850,1885000,2828,0,0,0
optimization,2024-12,VPB,banks,2024-12:VPB:L1:C1,1,2024-12-09T13:00:00,SELL,grid_target,100,19300,19250,1925000,2888,1925,5000,32359
optimization,2024-12,VPB,banks,2024-12:VPB:L1:C2,1,2024-12-09T13:00:00,SELL,grid_target,100,19300,19250,1925000,2888,1925,5000,32359
optimization,2024-12,VPB,banks,2024-12:VPB:L1:C3,1,2024-12-09T13:00:00,SELL,grid_target,100,19300,19250,1925000,2888,1925,5000,32359
