rank,eligible,parameter_json,market_return20_min,residual_z_max,spacing_atr_multiplier,lower_level_enabled,stop_steps,maximum_horizon,executed_campaigns,total_pnl_vnd,median_pnl_vnd,profit_factor,double_cost_pnl_vnd,best_removed_pnl_vnd,positive_halfyear_fraction,worst_return,p10_return,campaign_return_sharpe,robust_score
,False,"{""lower_level_enabled"":false,""market_return20_min"":0.0,""maximum_horizon"":10,""residual_z_max"":-0.5,""spacing_atr_multiplier"":0.75,""stop_steps"":2}",0.0,-0.5,0.75,False,2,10,43,-760091,20186,0.6831099039229216,-1690595,-979925,0.25,-0.05997233681680814,-0.045194920397193264,-2.2801724557269045,-2.321457354234607
,False,"{""lower_level_enabled"":false,""market_return20_min"":0.0,""maximum_horizon"":15,""residual_z_max"":-0.5,""spacing_atr_multiplier"":0.75,""stop_steps"":2}",0.0,-0.5,0.75,False,2,15,43,-760091,20186,0.6831099039229216,-1690595,-979925,0.25,-0.05997233681680814,-0.045194920397193264,-2.2801724557269045,-2.321457354234607
,False,"{""lower_level_enabled"":false,""market_return20_min"":0.0,""maximum_horizon"":20,""residual_z_max"":-0.5,""spacing_atr_multiplier"":0.75,""stop_steps"":2}",0.0,-0.5,0.75,False,2,20,42,-847510,11431.0,0.64666398454095,-1735443,-1067344,0.25,-0.05997233681680814,-0.04551468908506947,-2.3505794676878677,-2.391944308367539
,False,"{""lower_level_enabled"":false,""market_return20_min"":0.0,""maximum_horizon"":10,""residual_z_max"":-0.5,""spacing_atr_multiplier"":0.75,""stop_steps"":3}",0.0,-0.5,0.75,False,3,10,43,-635842,28061,0.7291125165352721,-1566701,-855676,0.25,-0.07998250739975105,-0.057972349392602596,-2.079392134729051,-2.133876475777077
,False,"{""lower_level_enabled"":false,""market_return20_min"":0.0,""maximum_horizon"":15,""residual_z_max"":-0.5,""spacing_atr_multiplier"":0.75,""stop_steps"":3}",0.0,-0.5,0.75,False,3,15,42,-475836,29464.5,0.7824500091210466,-1361993,-695670,0.25,-0.07998250739975105,-0.059360097538589764,-2.044312015386286,-2.099143293470809
,False,"{""lower_level_enabled"":false,""market_return20_min"":0.0,""maximum_horizon"":20,""residual_z_max"":-0.5,""spacing_atr_multiplier"":0.75,""stop_steps"":3}",0.0,-0.5,0.75,False,3,20,41,-533330,28061,0.7527816869417853,-1376991,-753164,0.25,-0.07998250739975105,-0.059497939354333305,-2.086628286964302,-2.1414940255027606
,False,"{""lower_level_enabled"":true,""market_return20_min"":0.0,""maximum_horizon"":10,""residual_z_max"":-0.5,""spacing_atr_multiplier"":0.75,""stop_steps"":2}",0.0,-0.5,0.75,True,2,10,43,-1587972,20186,0.5078308346319638,-2631437,-1807806,0.25,-0.05997233681680814,-0.05193231728821959,-2.209164880491848,-2.252134128222307
,False,"{""lower_level_enabled"":true,""market_return20_min"":0.0,""maximum_horizon"":15,""residual_z_max"":-0.5,""spacing_atr_multiplier"":0.75,""stop_steps"":2}",0.0,-0.5,0.75,True,2,15,43,-1587972,20186,0.5078308346319638,-2631437,-1807806,0.25,-0.05997233681680814,-0.05193231728821959,-2.209164880491848,-2.252134128222307
,False,"{""lower_level_enabled"":true,""market_return20_min"":0.0,""maximum_horizon"":20,""residual_z_max"":-0.5,""spacing_atr_multiplier"":0.75,""stop_steps"":2}",0.0,-0.5,0.75,True,2,20,42,-1675391,11431.0,0.4807365683178799,-2676285,-1895225,0.25,-0.05997233681680814,-0.05269454972762884,-2.2783060591741537,-2.3214658650144653
,False,"{""lower_level_enabled"":true,""market_return20_min"":0.0,""maximum_horizon"":10,""residual_z_max"":-0.5,""spacing_atr_multiplier"":0.75,""stop_steps"":3}",0.0,-0.5,0.75,True,3,10,42,-1629428,27490.5,0.5067134736898191,-2688449,-1849262,0.25,-0.09042168459115582,-0.057172117924716,-2.2076223631477414,-2.2671262349244983
,False,"{""lower_level_enabled"":true,""market_return20_min"":0.0,""maximum_horizon"":15,""residual_z_max"":-0.5,""spacing_atr_multiplier"":0.75,""stop_steps"":3}",0.0,-0.5,0.75,True,3,15,41,-1454460,30868,0.5350548551262051,-2468915,-1674294,0.25,-0.09042168459115582,-0.059497939354333305,-2.1665627826429867,-2.2266481097771478
,False,"{""lower_level_enabled"":true,""market_return20_min"":0.0,""maximum_horizon"":20,""residual_z_max"":-0.5,""spacing_atr_multiplier"":0.75,""stop_steps"":3}",0.0,-0.5,0.75,True,3,20,40,-1511954,27490.5,0.5142519348589456,-2483913,-1731788,0.25,-0.09042168459115582,-0.05959470572325952,-2.2182083846980998,-2.2783179034244925
,False,"{""lower_level_enabled"":false,""market_return20_min"":0.0,""maximum_horizon"":10,""residual_z_max"":-0.5,""spacing_atr_multiplier"":1.0,""stop_steps"":2}",0.0,-0.5,1.0,False,2,10,43,-1024570,2676,0.6542846374184571,-1954650,-1304254,0.5,-0.06997742210827959,-0.05669783511288347,-2.206866505464961,-2.256029675297322
,False,"{""lower_level_enabled"":false,""market_return20_min"":0.0,""maximum_horizon"":15,""residual_z_max"":-0.5,""spacing_atr_multiplier"":1.0,""stop_steps"":2}",0.0,-0.5,1.0,False,2,15,42,-680126,13874.5,0.7403285533367517,-1566066,-959810,0.5,-0.06997742210827959,-0.057321013208220466,-2.088957772385745,-2.1382767367419397
,False,"{""lower_level_enabled"":false,""market_return20_min"":0.0,""maximum_horizon"":20,""residual_z_max"":-0.5,""spacing_atr_multiplier"":1.0,""stop_steps"":2}",0.0,-0.5,1.0,False,2,20,41,-737620,2676,0.7151225797082866,-1581064,-1017304,0.5,-0.06997742210827959,-0.0573836621754212,-2.130619602733742,-2.179954229331737
,False,"{""lower_level_enabled"":false,""market_return20_min"":0.0,""maximum_horizon"":10,""residual_z_max"":-0.5,""spacing_atr_multiplier"":1.0,""stop_steps"":3}",0.0,-0.5,1.0,False,3,10,43,-984870,25073,0.6684947303900531,-1914951,-1264554,0.5,-0.1024936985515445,-0.06827171791265133,-2.1171987011763176,-2.1855134799302527
,False,"{""lower_level_enabled"":false,""market_return20_min"":0.0,""maximum_horizon"":15,""residual_z_max"":-0.5,""spacing_atr_multiplier"":1.0,""stop_steps"":3}",0.0,-0.5,1.0,False,3,15,40,-916510,27970.5,0.6773784761517885,-1783440,-1196194,0.5,-0.1024936985515445,-0.0711799971962139,-2.2670725647663996,-2.3361144133412255
,False,"{""lower_level_enabled"":false,""market_return20_min"":0.0,""maximum_horizon"":20,""residual_z_max"":-0.5,""spacing_atr_multiplier"":1.0,""stop_steps"":3}",0.0,-0.5,1.0,False,3,20,39,-1008917,25073,0.6454726933536299,-1833264,-1288601,0.5,-0.1024936985515445,-0.07311823446189648,-2.340526641668255,-2.4100530495595014
,False,"{""lower_level_enabled"":true,""market_return20_min"":0.0,""maximum_horizon"":10,""residual_z_max"":-0.5,""spacing_atr_multiplier"":1.0,""stop_steps"":2}",0.0,-0.5,1.0,True,2,10,42,-1938567,-14136.5,0.4921007830049722,-2927236,-2218251,0.25,-0.08539388932600325,-0.05922882326921476,-2.4271694808033235,-2.484673631283629
,False,"{""lower_level_enabled"":true,""market_return20_min"":0.0,""maximum_horizon"":15,""residual_z_max"":-0.5,""spacing_atr_multiplier"":1.0,""stop_steps"":2}",0.0,-0.5,1.0,True,2,15,41,-1594123,2676,0.5409147589988452,-2538652,-1873807,0.25,-0.08539388932600325,-0.05943384116852515,-2.3065332624931587,-2.3640886674482915
,False,"{""lower_level_enabled"":true,""market_return20_min"":0.0,""maximum_horizon"":20,""residual_z_max"":-0.5,""spacing_atr_multiplier"":1.0,""stop_steps"":2}",0.0,-0.5,1.0,True,2,20,40,-1651617,-14136.5,0.5202225730690072,-2553650,-1931301,0.25,-0.08539388932600325,-0.059440250987105966,-2.350521971957144,-2.408078979366922
,False,"{""lower_level_enabled"":true,""market_return20_min"":0.0,""maximum_horizon"":10,""residual_z_max"":-0.5,""spacing_atr_multiplier"":1.0,""stop_steps"":3}",0.0,-0.5,1.0,True,3,10,42,-1936515,13874.5,0.5014075825625572,-2942730,-2216199,0.25,-0.1017340979278427,-0.06721028121860383,-2.2861770464085818,-2.3538466656771537
,False,"{""lower_level_enabled"":true,""market_return20_min"":0.0,""maximum_horizon"":15,""residual_z_max"":-0.5,""spacing_atr_multiplier"":1.0,""stop_steps"":3}",0.0,-0.5,1.0,True,3,15,39,-1868155,25073,0.5023405104369291,-2811219,-2147839,0.25,-0.1017340979278427,-0.06871876633013023,-2.440448541951358,-2.5084952824978117
,False,"{""lower_level_enabled"":true,""market_return20_min"":0.0,""maximum_horizon"":20,""residual_z_max"":-0.5,""spacing_atr_multiplier"":1.0,""stop_steps"":3}",0.0,-0.5,1.0,True,3,20,38,-1960562,-2938.0,0.47841718388771093,-2861043,-2240246,0.25,-0.1017340979278427,-0.07401485205234247,-2.5134778608653834,-2.58284862284239
,False,"{""lower_level_enabled"":false,""market_return20_min"":0.0,""maximum_horizon"":10,""residual_z_max"":-0.5,""spacing_atr_multiplier"":1.25,""stop_steps"":2}",0.0,-0.5,1.25,False,2,10,42,-1398964,-57520.0,0.5758982760230542,-2317850,-1678648,0.5,-0.07998250739975105,-0.05954479298893475,-2.4914537118885813,-2.5463311638356902
,False,"{""lower_level_enabled"":false,""market_return20_min"":0.0,""maximum_horizon"":15,""residual_z_max"":-0.5,""spacing_atr_multiplier"":1.25,""stop_steps"":2}",0.0,-0.5,1.25,False,2,15,41,-1248932,-57007,0.6033398758821324,-2123092,-1528616,0.25,-0.07998250739975105,-0.06586865763708602,-2.4678924408327143,-2.5243508589418613
,False,"{""lower_level_enabled"":false,""market_return20_min"":0.0,""maximum_horizon"":20,""residual_z_max"":-0.5,""spacing_atr_multiplier"":1.25,""stop_steps"":2}",0.0,-0.5,1.25,False,2,20,40,-1336351,-47493.5,0.5715031447448372,-2167940,-1616035,0.25,-0.07998250739975105,-0.06613418566483618,-2.5289969337244855,-2.58552173384057
,False,"{""lower_level_enabled"":false,""market_return20_min"":0.0,""maximum_horizon"":10,""residual_z_max"":-0.5,""spacing_atr_multiplier"":1.25,""stop_steps"":3}",0.0,-0.5,1.25,False,3,10,41,-986238,-30949,0.6710837310114203,-1897298,-1265922,0.25,-0.11500030591990114,-0.059497939354333305,-2.1440439426279685,-2.2164185804265024
,False,"{""lower_level_enabled"":false,""market_return20_min"":0.0,""maximum_horizon"":15,""residual_z_max"":-0.5,""spacing_atr_multiplier"":1.25,""stop_steps"":3}",0.0,-0.5,1.25,False,3,15,38,-872991,-43978.0,0.6961769055177001,-1721012,-1152675,0.25,-0.11500030591990114,-0.06849006354441645,-2.182952827297565,-2.2575754961436196
,False,"{""lower_level_enabled"":false,""market_return20_min"":0.0,""maximum_horizon"":20,""residual_z_max"":-0.5,""spacing_atr_multiplier"":1.25,""stop_steps"":3}",0.0,-0.5,1.25,False,3,20,37,-1015273,-37980,0.6496994263170951,-1820486,-1294957,0.25,-0.11500030591990114,-0.07837410053636179,-2.28765583261756,-2.3647495107116008
,False,"{""lower_level_enabled"":true,""market_return20_min"":0.0,""maximum_horizon"":10,""residual_z_max"":-0.5,""spacing_atr_multiplier"":1.25,""stop_steps"":2}",0.0,-0.5,1.25,True,2,10,41,-1960417,-70249,0.4833299994122811,-2910550,-2240101,0.25,-0.09042168459115582,-0.05954999894833491,-2.7026666292814454,-2.7627649713141067
,False,"{""lower_level_enabled"":true,""market_return20_min"":0.0,""maximum_horizon"":15,""residual_z_max"":-0.5,""spacing_atr_multiplier"":1.25,""stop_steps"":2}",0.0,-0.5,1.25,True,2,15,40,-1810385,-62456.0,0.503228192856843,-2715792,-2090069,0.25,-0.09042168459115582,-0.06613418566483618,-2.6747527832820075,-2.7364971719937943
,False,"{""lower_level_enabled"":true,""market_return20_min"":0.0,""maximum_horizon"":20,""residual_z_max"":-0.5,""spacing_atr_multiplier"":1.25,""stop_steps"":2}",0.0,-0.5,1.25,True,2,20,39,-1897804,-57007,0.47492871518000074,-2760640,-2177488,0.25,-0.09042168459115582,-0.06639971369258636,-2.7401610164850134,-2.8019717872037377
,False,"{""lower_level_enabled"":true,""market_return20_min"":0.0,""maximum_horizon"":10,""residual_z_max"":-0.5,""spacing_atr_multiplier"":1.25,""stop_steps"":3}",0.0,-0.5,1.25,True,3,10,41,-1482873,-30949,0.5768178485722871,-2475352,-1762557,0.25,-0.11359979655068299,-0.059497939354333305,-2.225629547157568,-2.2973039302714926
,False,"{""lower_level_enabled"":true,""market_return20_min"":0.0,""maximum_horizon"":15,""residual_z_max"":-0.5,""spacing_atr_multiplier"":1.25,""stop_steps"":3}",0.0,-0.5,1.25,True,3,15,38,-1369626,-43978.0,0.5946661252847361,-2299066,-1649310,0.25,-0.11359979655068299,-0.06849006354441645,-2.26260927599894,-2.3365316901603856
,False,"{""lower_level_enabled"":true,""market_return20_min"":0.0,""maximum_horizon"":20,""residual_z_max"":-0.5,""spacing_atr_multiplier"":1.25,""stop_steps"":3}",0.0,-0.5,1.25,True,3,20,37,-1511908,-37980,0.5558365367243008,-2398540,-1791592,0.25,-0.11359979655068299,-0.07837410053636179,-2.3667272041047127,-2.4431206275141446
,False,"{""lower_level_enabled"":false,""market_return20_min"":0.0,""maximum_horizon"":10,""residual_z_max"":-0.75,""spacing_atr_multiplier"":0.75,""stop_steps"":2}",0.0,-0.75,0.75,False,2,10,30,-1178100,-27845.5,0.4383021572992351,-1782083,-1397934,0.25,-0.05997233681680814,-0.04629438682264827,-2.7425644499234467,-2.784124215037513
,False,"{""lower_level_enabled"":false,""market_return20_min"":0.0,""maximum_horizon"":15,""residual_z_max"":-0.75,""spacing_atr_multiplier"":0.75,""stop_steps"":2}",0.0,-0.75,0.75,False,2,15,30,-1178100,-27845.5,0.4383021572992351,-1782083,-1397934,0.25,-0.05997233681680814,-0.04629438682264827,-2.7425644499234467,-2.784124215037513
,False,"{""lower_level_enabled"":false,""market_return20_min"":0.0,""maximum_horizon"":20,""residual_z_max"":-0.75,""spacing_atr_multiplier"":0.75,""stop_steps"":2}",0.0,-0.75,0.75,False,2,20,30,-1178100,-27845.5,0.4383021572992351,-1782083,-1397934,0.25,-0.05997233681680814,-0.04629438682264827,-2.7425644499234467,-2.784124215037513
,False,"{""lower_level_enabled"":false,""market_return20_min"":0.0,""maximum_horizon"":10,""residual_z_max"":-0.75,""spacing_atr_multiplier"":0.75,""stop_steps"":3}",0.0,-0.75,0.75,False,3,10,30,-1158390,-27845.5,0.45424067233003645,-1762264,-1378224,0.25,-0.07998250739975105,-0.05960548836097124,-2.614981428036242,-2.66987405382636
,False,"{""lower_level_enabled"":false,""market_return20_min"":0.0,""maximum_horizon"":15,""residual_z_max"":-0.75,""spacing_atr_multiplier"":0.75,""stop_steps"":3}",0.0,-0.75,0.75,False,3,15,29,-931305,-24742,0.5086612951899396,-1488302,-1151139,0.25,-0.07998250739975105,-0.059713037367609176,-2.481699915536943,-2.536619428578721
,False,"{""lower_level_enabled"":false,""market_return20_min"":0.0,""maximum_horizon"":20,""residual_z_max"":-0.75,""spacing_atr_multiplier"":0.75,""stop_steps"":3}",0.0,-0.75,0.75,False,3,20,29,-901380,-24742,0.5168207882096082,-1458452,-1121214,0.25,-0.07998250739975105,-0.059713037367609176,-2.4623638581224623,-2.51728337116424
,False,"{""lower_level_enabled"":true,""market_return20_min"":0.0,""maximum_horizon"":10,""residual_z_max"":-0.75,""spacing_atr_multiplier"":0.75,""stop_steps"":2}",0.0,-0.75,0.75,True,2,10,30,-1973848,-27845.5,0.31774864602080993,-2668564,-2193682,0.25,-0.05997233681680814,-0.053552674907060754,-2.791416639492083,-2.8347909766272528
,False,"{""lower_level_enabled"":true,""market_return20_min"":0.0,""maximum_horizon"":15,""residual_z_max"":-0.75,""spacing_atr_multiplier"":0.75,""stop_steps"":2}",0.0,-0.75,0.75,True,2,15,30,-1973848,-27845.5,0.31774864602080993,-2668564,-2193682,0.25,-0.05997233681680814,-0.053552674907060754,-2.791416639492083,-2.8347909766272528
,False,"{""lower_level_enabled"":true,""market_return20_min"":0.0,""maximum_horizon"":20,""residual_z_max"":-0.75,""spacing_atr_multiplier"":0.75,""stop_steps"":2}",0.0,-0.75,0.75,True,2,20,30,-1973848,-27845.5,0.31774864602080993,-2668564,-2193682,0.25,-0.05997233681680814,-0.053552674907060754,-2.791416639492083,-2.8347909766272528
,False,"{""lower_level_enabled"":true,""market_return20_min"":0.0,""maximum_horizon"":10,""residual_z_max"":-0.75,""spacing_atr_multiplier"":0.75,""stop_steps"":3}",0.0,-0.75,0.75,True,3,10,29,-2094905,-30949,0.30476201538553443,-2804876,-2314739,0.25,-0.09042168459115582,-0.06014921667101271,-2.7761152782725307,-2.8363634247358616
,False,"{""lower_level_enabled"":true,""market_return20_min"":0.0,""maximum_horizon"":15,""residual_z_max"":-0.75,""spacing_atr_multiplier"":0.75,""stop_steps"":3}",0.0,-0.75,0.75,True,3,15,28,-1797995,-20176.0,0.3380744465837846,-2461363,-2017829,0.25,-0.09042168459115582,-0.060474855329352414,-2.629567553945419,-2.689897110073335
,False,"{""lower_level_enabled"":true,""market_return20_min"":0.0,""maximum_horizon"":20,""residual_z_max"":-0.75,""spacing_atr_multiplier"":0.75,""stop_steps"":3}",0.0,-0.75,0.75,True,3,20,28,-1768070,-11033.0,0.34532898878068646,-2431513,-1987904,0.25,-0.09042168459115582,-0.060474855329352414,-2.6187019227690156,-2.6790314788969316
,False,"{""lower_level_enabled"":false,""market_return20_min"":0.0,""maximum_horizon"":10,""residual_z_max"":-0.75,""spacing_atr_multiplier"":1.0,""stop_steps"":2}",0.0,-0.75,1.0,False,2,10,30,-1257942,-75426.5,0.472129857006897,-1861662,-1537626,0.5,-0.06997742210827959,-0.06010751148379706,-2.879539406372911,-2.9295549952980005
,False,"{""lower_level_enabled"":false,""market_return20_min"":0.0,""maximum_horizon"":15,""residual_z_max"":-0.75,""spacing_atr_multiplier"":1.0,""stop_steps"":2}",0.0,-0.75,1.0,False,2,15,29,-861382,-67905,0.5663803327675118,-1418749,-1141066,0.5,-0.06997742210827959,-0.06071708361326082,-2.663747543515933,-2.713915525473388
,False,"{""lower_level_enabled"":false,""market_return20_min"":0.0,""maximum_horizon"":20,""residual_z_max"":-0.75,""spacing_atr_multiplier"":1.0,""stop_steps"":2}",0.0,-0.75,1.0,False,2,20,29,-831457,-37980,0.575042919562683,-1388899,-1111141,0.5,-0.06997742210827959,-0.06071708361326082,-2.6438993456508637,-2.6940673276083187
,False,"{""lower_level_enabled"":false,""market_return20_min"":0.0,""maximum_horizon"":10,""residual_z_max"":-0.75,""spacing_atr_multiplier"":1.0,""stop_steps"":3}",0.0,-0.75,1.0,False,3,10,30,-1218242,-50599.0,0.4903461109168099,-1821963,-1497926,0.25,-0.1024936985515445,-0.0711799971962139,-2.6391529643032325,-2.7081948128780584
,False,"{""lower_level_enabled"":false,""market_return20_min"":0.0,""maximum_horizon"":15,""residual_z_max"":-0.75,""spacing_atr_multiplier"":1.0,""stop_steps"":3}",0.0,-0.75,1.0,False,3,15,28,-988845,-49427.0,0.5418320970745402,-1538178,-1268529,0.25,-0.1024936985515445,-0.07121221988172292,-2.538382196491022,-2.607432100737225
,False,"{""lower_level_enabled"":false,""market_return20_min"":0.0,""maximum_horizon"":20,""residual_z_max"":-0.75,""spacing_atr_multiplier"":1.0,""stop_steps"":3}",0.0,-0.75,1.0,False,3,20,28,-993833,-34464.5,0.540582744365299,-1543154,-1273517,0.25,-0.1024936985515445,-0.07668432626491775,-2.550919438723576,-2.6213373695655777
,False,"{""lower_level_enabled"":true,""market_return20_min"":0.0,""maximum_horizon"":10,""residual_z_max"":-0.75,""spacing_atr_multiplier"":1.0,""stop_steps"":2}",0.0,-0.75,1.0,True,2,10,29,-2171939,-80604,0.32887438381862044,-2834248,-2451623,0.25,-0.08539388932600325,-0.06000327508926289,-3.1856084655437007,-3.243306228979018
,False,"{""lower_level_enabled"":true,""market_return20_min"":0.0,""maximum_horizon"":15,""residual_z_max"":-0.75,""spacing_atr_multiplier"":1.0,""stop_steps"":2}",0.0,-0.75,1.0,True,2,15,28,-1775379,-69077.0,0.374801167586892,-2391335,-2055063,0.25,-0.08539388932600325,-0.060255942956727676,-2.9628926851168145,-3.020653615518998
,False,"{""lower_level_enabled"":true,""market_return20_min"":0.0,""maximum_horizon"":20,""residual_z_max"":-0.75,""spacing_atr_multiplier"":1.0,""stop_steps"":2}",0.0,-0.75,1.0,True,2,20,28,-1745454,-54114.5,0.3787929153121706,-2361485,-2025138,0.25,-0.08539388932600325,-0.060255942956727676,-2.9417368588943713,-2.9994977892965546
,False,"{""lower_level_enabled"":true,""market_return20_min"":0.0,""maximum_horizon"":10,""residual_z_max"":-0.75,""spacing_atr_multiplier"":1.0,""stop_steps"":3}",0.0,-0.75,1.0,True,3,10,29,-2169887,-70249,0.34313386266786905,-2849742,-2449571,0.25,-0.1017340979278427,-0.07063712989798555,-2.88975042383269,-2.9582767552711076
,False,"{""lower_level_enabled"":true,""market_return20_min"":0.0,""maximum_horizon"":15,""residual_z_max"":-0.75,""spacing_atr_multiplier"":1.0,""stop_steps"":3}",0.0,-0.75,1.0,True,3,15,27,-1940490,-67905,0.3681902243986299,-2565957,-2220174,0.25,-0.1017340979278427,-0.06937032456784879,-2.7881229603628874,-2.856332590468771
,False,"{""lower_level_enabled"":true,""market_return20_min"":0.0,""maximum_horizon"":20,""residual_z_max"":-0.75,""spacing_atr_multiplier"":1.0,""stop_steps"":3}",0.0,-0.75,1.0,True,3,20,27,-1945478,-37980,0.36759323188705423,-2570933,-2225162,0.25,-0.1017340979278427,-0.07847076859288885,-2.7915400422389793,-2.8620247833511225
,False,"{""lower_level_enabled"":false,""market_return20_min"":0.0,""maximum_horizon"":10,""residual_z_max"":-0.75,""spacing_atr_multiplier"":1.25,""stop_steps"":2}",0.0,-0.75,1.25,False,2,10,30,-1691952,-96680.0,0.3808997771980968,-2294189,-1971636,0.25,-0.07998250739975105,-0.06710445864001253,-3.0182984480827826,-3.075065816442661
,False,"{""lower_level_enabled"":false,""market_return20_min"":0.0,""maximum_horizon"":15,""residual_z_max"":-0.75,""spacing_atr_multiplier"":1.25,""stop_steps"":2}",0.0,-0.75,1.25,False,2,15,29,-1205616,-70249,0.49575542622446866,-1761726,-1485300,0.25,-0.07998250739975105,-0.06834025964293905,-2.7120881791278366,-2.769164497738447
,False,"{""lower_level_enabled"":false,""market_return20_min"":0.0,""maximum_horizon"":20,""residual_z_max"":-0.75,""spacing_atr_multiplier"":1.25,""stop_steps"":2}",0.0,-0.75,1.25,False,2,20,29,-1175691,-70249,0.5020389579036091,-1731876,-1455375,0.25,-0.07998250739975105,-0.06834025964293905,-2.6941575695606628,-2.751233888171273
,False,"{""lower_level_enabled"":false,""market_return20_min"":0.0,""maximum_horizon"":10,""residual_z_max"":-0.75,""spacing_atr_multiplier"":1.25,""stop_steps"":3}",0.0,-0.75,1.25,False,3,10,29,-1279226,-80604,0.47415727935361135,-1873637,-1558910,0.25,-0.11500030591990114,-0.07060490721247654,-2.5371798230423472,-2.612331202805417
,False,"{""lower_level_enabled"":false,""market_return20_min"":0.0,""maximum_horizon"":15,""residual_z_max"":-0.75,""spacing_atr_multiplier"":1.25,""stop_steps"":3}",0.0,-0.75,1.25,False,3,15,27,-790578,-67905,0.6209607899730647,-1331351,-1070262,0.25,-0.11500030591990114,-0.06887203815999401,-2.2796398865184124,-2.3543580490183613
,False,"{""lower_level_enabled"":false,""market_return20_min"":0.0,""maximum_horizon"":20,""residual_z_max"":-0.75,""spacing_atr_multiplier"":1.25,""stop_steps"":3}",0.0,-0.75,1.25,False,3,20,27,-795566,-37980,0.6194793206200705,-1336327,-1075250,0.25,-0.11500030591990114,-0.07837410053636179,-2.300728243859597,-2.377821921953638
,False,"{""lower_level_enabled"":true,""market_return20_min"":0.0,""maximum_horizon"":10,""residual_z_max"":-0.75,""spacing_atr_multiplier"":1.25,""stop_steps"":2}",0.0,-0.75,1.25,True,2,10,29,-2253405,-106321,0.3020488756736666,-2886889,-2533089,0.25,-0.09042168459115582,-0.06834025964293905,-3.3162230899779126,-3.378518997184225
,False,"{""lower_level_enabled"":true,""market_return20_min"":0.0,""maximum_horizon"":15,""residual_z_max"":-0.75,""spacing_atr_multiplier"":1.25,""stop_steps"":2}",0.0,-0.75,1.25,True,2,15,28,-1767069,-75426.5,0.3878402169462214,-2354426,-2046753,0.25,-0.09042168459115582,-0.06957606064586558,-2.989235964520479,-3.051840821977523
,False,"{""lower_level_enabled"":true,""market_return20_min"":0.0,""maximum_horizon"":20,""residual_z_max"":-0.75,""spacing_atr_multiplier"":1.25,""stop_steps"":2}",0.0,-0.75,1.25,True,2,20,28,-1737144,-75426.5,0.39190300379215237,-2324576,-2016828,0.25,-0.09042168459115582,-0.06957606064586558,-2.969938828156169,-3.032543685613213
,False,"{""lower_level_enabled"":true,""market_return20_min"":0.0,""maximum_horizon"":10,""residual_z_max"":-0.75,""spacing_atr_multiplier"":1.25,""stop_steps"":3}",0.0,-0.75,1.25,True,3,10,29,-1775861,-80604,0.3956305706905529,-2451691,-2055545,0.25,-0.11359979655068299,-0.07060490721247654,-2.6510854491954152,-2.725536574273876
,False,"{""lower_level_enabled"":true,""market_return20_min"":0.0,""maximum_horizon"":15,""residual_z_max"":-0.75,""spacing_atr_multiplier"":1.25,""stop_steps"":3}",0.0,-0.75,1.25,True,3,15,27,-1287213,-67905,0.5032742969426518,-1909405,-1566897,0.25,-0.11359979655068299,-0.06887203815999401,-2.385142142815976,-2.459160050631316
,False,"{""lower_level_enabled"":true,""market_return20_min"":0.0,""maximum_horizon"":20,""residual_z_max"":-0.75,""spacing_atr_multiplier"":1.25,""stop_steps"":3}",0.0,-0.75,1.25,True,3,20,27,-1292201,-37980,0.5023074398856255,-1914381,-1571885,0.25,-0.11359979655068299,-0.07837410053636179,-2.4025349557763813,-2.478928379185813
,False,"{""lower_level_enabled"":false,""market_return20_min"":0.0,""maximum_horizon"":10,""residual_z_max"":-1.0,""spacing_atr_multiplier"":0.75,""stop_steps"":2}",0.0,-1.0,0.75,False,2,10,21,-272673,20207,0.7197346106011862,-645670,-492507,0.5,-0.050433748269971566,-0.038141102548506445,-0.7700534018289549,-0.8048055516010673
,False,"{""lower_level_enabled"":false,""market_return20_min"":0.0,""maximum_horizon"":15,""residual_z_max"":-1.0,""spacing_atr_multiplier"":0.75,""stop_steps"":2}",0.0,-1.0,0.75,False,2,15,21,-272673,20207,0.7197346106011862,-645670,-492507,0.5,-0.050433748269971566,-0.038141102548506445,-0.7700534018289549,-0.8048055516010673
,False,"{""lower_level_enabled"":false,""market_return20_min"":0.0,""maximum_horizon"":20,""residual_z_max"":-1.0,""spacing_atr_multiplier"":0.75,""stop_steps"":2}",0.0,-1.0,0.75,False,2,20,21,-272673,20207,0.7197346106011862,-645670,-492507,0.5,-0.050433748269971566,-0.038141102548506445,-0.7700534018289549,-0.8048055516010673
,False,"{""lower_level_enabled"":false,""market_return20_min"":0.0,""maximum_horizon"":10,""residual_z_max"":-1.0,""spacing_atr_multiplier"":0.75,""stop_steps"":3}",0.0,-1.0,0.75,False,3,10,21,-367535,20207,0.6557926223950431,-739996,-587369,0.5,-0.07317336354001812,-0.05526821966836922,-1.052458643332075,-1.1028623800191766
,False,"{""lower_level_enabled"":false,""market_return20_min"":0.0,""maximum_horizon"":15,""residual_z_max"":-1.0,""spacing_atr_multiplier"":0.75,""stop_steps"":3}",0.0,-1.0,0.75,False,3,15,21,-367535,20207,0.6557926223950431,-739996,-587369,0.5,-0.07317336354001812,-0.05526821966836922,-1.052458643332075,-1.1028623800191766
,False,"{""lower_level_enabled"":false,""market_return20_min"":0.0,""maximum_horizon"":20,""residual_z_max"":-1.0,""spacing_atr_multiplier"":0.75,""stop_steps"":3}",0.0,-1.0,0.75,False,3,20,21,-367535,20207,0.6557926223950431,-739996,-587369,0.5,-0.07317336354001812,-0.05526821966836922,-1.052458643332075,-1.1028623800191766
,False,"{""lower_level_enabled"":true,""market_return20_min"":0.0,""maximum_horizon"":10,""residual_z_max"":-1.0,""spacing_atr_multiplier"":0.75,""stop_steps"":2}",0.0,-1.0,0.75,True,2,10,21,-387130,20207,0.6439748493378961,-769582,-606964,0.5,-0.05441570956726478,-0.038141102548506445,-0.7928931050131202,-0.8296362354338792
,False,"{""lower_level_enabled"":true,""market_return20_min"":0.0,""maximum_horizon"":15,""residual_z_max"":-1.0,""spacing_atr_multiplier"":0.75,""stop_steps"":2}",0.0,-1.0,0.75,True,2,15,21,-387130,20207,0.6439748493378961,-769582,-606964,0.5,-0.05441570956726478,-0.038141102548506445,-0.7928931050131202,-0.8296362354338792
,False,"{""lower_level_enabled"":true,""market_return20_min"":0.0,""maximum_horizon"":20,""residual_z_max"":-1.0,""spacing_atr_multiplier"":0.75,""stop_steps"":2}",0.0,-1.0,0.75,True,2,20,21,-387130,20207,0.6439748493378961,-769582,-606964,0.5,-0.05441570956726478,-0.038141102548506445,-0.7928931050131202,-0.8296362354338792
,False,"{""lower_level_enabled"":true,""market_return20_min"":0.0,""maximum_horizon"":10,""residual_z_max"":-1.0,""spacing_atr_multiplier"":0.75,""stop_steps"":3}",0.0,-1.0,0.75,True,3,10,21,-606856,20207,0.5357208706649029,-1003532,-826690,0.5,-0.06582894512686599,-0.04966603619375115,-0.9860519030000426,-1.0313828846119135
,False,"{""lower_level_enabled"":true,""market_return20_min"":0.0,""maximum_horizon"":15,""residual_z_max"":-1.0,""spacing_atr_multiplier"":0.75,""stop_steps"":3}",0.0,-1.0,0.75,True,3,15,21,-606856,20207,0.5357208706649029,-1003532,-826690,0.5,-0.06582894512686599,-0.04966603619375115,-0.9860519030000426,-1.0313828846119135
,False,"{""lower_level_enabled"":true,""market_return20_min"":0.0,""maximum_horizon"":20,""residual_z_max"":-1.0,""spacing_atr_multiplier"":0.75,""stop_steps"":3}",0.0,-1.0,0.75,True,3,20,21,-606856,20207,0.5357208706649029,-1003532,-826690,0.5,-0.06582894512686599,-0.04966603619375115,-0.9860519030000426,-1.0313828846119135
,False,"{""lower_level_enabled"":false,""market_return20_min"":0.0,""maximum_horizon"":10,""residual_z_max"":-1.0,""spacing_atr_multiplier"":1.0,""stop_steps"":2}",0.0,-1.0,1.0,False,2,10,21,-616612,976,0.5558014472551499,-988446,-896296,0.5,-0.06734413969768376,-0.05167600787691242,-1.550785067523472,-1.597376139341542
,False,"{""lower_level_enabled"":false,""market_return20_min"":0.0,""maximum_horizon"":15,""residual_z_max"":-1.0,""spacing_atr_multiplier"":1.0,""stop_steps"":2}",0.0,-1.0,1.0,False,2,15,21,-616612,976,0.5558014472551499,-988446,-896296,0.5,-0.06734413969768376,-0.05167600787691242,-1.550785067523472,-1.597376139341542
,False,"{""lower_level_enabled"":false,""market_return20_min"":0.0,""maximum_horizon"":20,""residual_z_max"":-1.0,""spacing_atr_multiplier"":1.0,""stop_steps"":2}",0.0,-1.0,1.0,False,2,20,21,-616612,976,0.5558014472551499,-988446,-896296,0.5,-0.06734413969768376,-0.05167600787691242,-1.550785067523472,-1.597376139341542
,False,"{""lower_level_enabled"":false,""market_return20_min"":0.0,""maximum_horizon"":10,""residual_z_max"":-1.0,""spacing_atr_multiplier"":1.0,""stop_steps"":3}",0.0,-1.0,1.0,False,3,10,21,-432275,2676,0.6543978675842749,-804670,-711959,0.5,-0.09591348540696956,-0.07046516255223083,-1.28329940438366,-1.3488724377252026
,False,"{""lower_level_enabled"":false,""market_return20_min"":0.0,""maximum_horizon"":15,""residual_z_max"":-1.0,""spacing_atr_multiplier"":1.0,""stop_steps"":3}",0.0,-1.0,1.0,False,3,15,20,-429963,13085.0,0.6548699630759351,-794847,-709647,0.5,-0.09591348540696956,-0.06774222565601583,-1.2863676481188135,-1.3512599472363023
,False,"{""lower_level_enabled"":false,""market_return20_min"":0.0,""maximum_horizon"":20,""residual_z_max"":-1.0,""spacing_atr_multiplier"":1.0,""stop_steps"":3}",0.0,-1.0,1.0,False,3,20,20,-464876,13085.0,0.6370178174188909,-829673,-744560,0.5,-0.09591348540696956,-0.07311144160897556,-1.3446995943374709,-1.4109341974431997
,False,"{""lower_level_enabled"":true,""market_return20_min"":0.0,""maximum_horizon"":10,""residual_z_max"":-1.0,""spacing_atr_multiplier"":1.0,""stop_steps"":2}",0.0,-1.0,1.0,True,2,10,21,-835983,976,0.4799535432306739,-1232082,-1115667,0.5,-0.06734413969768376,-0.04884555074842068,-1.5059232363776396,-1.5518066939135868
,False,"{""lower_level_enabled"":true,""market_return20_min"":0.0,""maximum_horizon"":15,""residual_z_max"":-1.0,""spacing_atr_multiplier"":1.0,""stop_steps"":2}",0.0,-1.0,1.0,True,2,15,21,-835983,976,0.4799535432306739,-1232082,-1115667,0.5,-0.06734413969768376,-0.04884555074842068,-1.5059232363776396,-1.5518066939135868
,False,"{""lower_level_enabled"":true,""market_return20_min"":0.0,""maximum_horizon"":20,""residual_z_max"":-1.0,""spacing_atr_multiplier"":1.0,""stop_steps"":2}",0.0,-1.0,1.0,True,2,20,21,-835983,976,0.4799535432306739,-1232082,-1115667,0.5,-0.06734413969768376,-0.04884555074842068,-1.5059232363776396,-1.5518066939135868
,False,"{""lower_level_enabled"":true,""market_return20_min"":0.0,""maximum_horizon"":10,""residual_z_max"":-1.0,""spacing_atr_multiplier"":1.0,""stop_steps"":3}",0.0,-1.0,1.0,True,3,10,21,-689294,2676,0.5494836958475408,-1103499,-968978,0.5,-0.09246025187584703,-0.07046516255223083,-1.2650007628824895,-1.3288471794584706
,False,"{""lower_level_enabled"":true,""market_return20_min"":0.0,""maximum_horizon"":15,""residual_z_max"":-1.0,""spacing_atr_multiplier"":1.0,""stop_steps"":3}",0.0,-1.0,1.0,True,3,15,20,-686982,13085.0,0.5495262032457258,-1093676,-966666,0.5,-0.09246025187584703,-0.06774222565601583,-1.2681870078201947,-1.331352690172122
,False,"{""lower_level_enabled"":true,""market_return20_min"":0.0,""maximum_horizon"":20,""residual_z_max"":-1.0,""spacing_atr_multiplier"":1.0,""stop_steps"":3}",0.0,-1.0,1.0,True,3,20,20,-721895,13085.0,0.537227216023242,-1128502,-1001579,0.5,-0.09246025187584703,-0.07311144160897556,-1.3267269924100158,-1.3912349787501832
,False,"{""lower_level_enabled"":false,""market_return20_min"":0.0,""maximum_horizon"":10,""residual_z_max"":-1.0,""spacing_atr_multiplier"":1.25,""stop_steps"":2}",0.0,-1.0,1.25,False,2,10,21,-811222,-24742,0.47436326914890237,-1182470,-1090906,0.25,-0.07982697970334014,-0.05954999894833491,-1.5854173415790709,-1.6402183311678247
,False,"{""lower_level_enabled"":false,""market_return20_min"":0.0,""maximum_horizon"":15,""residual_z_max"":-1.0,""spacing_atr_multiplier"":1.25,""stop_steps"":2}",0.0,-1.0,1.25,False,2,15,21,-811222,-24742,0.47436326914890237,-1182470,-1090906,0.25,-0.07982697970334014,-0.05954999894833491,-1.5854173415790709,-1.6402183311678247
,False,"{""lower_level_enabled"":false,""market_return20_min"":0.0,""maximum_horizon"":20,""residual_z_max"":-1.0,""spacing_atr_multiplier"":1.25,""stop_steps"":2}",0.0,-1.0,1.25,False,2,20,21,-811222,-24742,0.47436326914890237,-1182470,-1090906,0.25,-0.07982697970334014,-0.05954999894833491,-1.5854173415790709,-1.6402183311678247
,False,"{""lower_level_enabled"":false,""market_return20_min"":0.0,""maximum_horizon"":10,""residual_z_max"":-1.0,""spacing_atr_multiplier"":1.25,""stop_steps"":3}",0.0,-1.0,1.25,False,3,10,21,-242947,2676,0.7893522512578761,-615918,-522631,0.25,-0.11359979655068299,-0.05167600787691242,-0.8004490371513462,-0.8701679373959158
,False,"{""lower_level_enabled"":false,""market_return20_min"":0.0,""maximum_horizon"":15,""residual_z_max"":-1.0,""spacing_atr_multiplier"":1.25,""stop_steps"":3}",0.0,-1.0,1.25,False,3,15,20,-240635,18072.5,0.7904506050011103,-606095,-520319,0.25,-0.11359979655068299,-0.05324282105898955,-0.7983278655313661,-0.868438469071455
,False,"{""lower_level_enabled"":false,""market_return20_min"":0.0,""maximum_horizon"":20,""residual_z_max"":-1.0,""spacing_atr_multiplier"":1.25,""stop_steps"":3}",0.0,-1.0,1.25,False,3,20,20,-275548,18072.5,0.7671277101021079,-640921,-555232,0.25,-0.11359979655068299,-0.05542734934529272,-0.8780094020278971,-0.9486661376395618
,False,"{""lower_level_enabled"":true,""market_return20_min"":0.0,""maximum_horizon"":10,""residual_z_max"":-1.0,""spacing_atr_multiplier"":1.25,""stop_steps"":2}",0.0,-1.0,1.25,True,2,10,21,-916136,-24742,0.4441687947109227,-1302194,-1195820,0.25,-0.07982697970334014,-0.05954999894833491,-1.5518791074547655,-1.6066800970435193
,False,"{""lower_level_enabled"":true,""market_return20_min"":0.0,""maximum_horizon"":15,""residual_z_max"":-1.0,""spacing_atr_multiplier"":1.25,""stop_steps"":2}",0.0,-1.0,1.25,True,2,15,21,-916136,-24742,0.4441687947109227,-1302194,-1195820,0.25,-0.07982697970334014,-0.05954999894833491,-1.5518791074547655,-1.6066800970435193
,False,"{""lower_level_enabled"":true,""market_return20_min"":0.0,""maximum_horizon"":20,""residual_z_max"":-1.0,""spacing_atr_multiplier"":1.25,""stop_steps"":2}",0.0,-1.0,1.25,True,2,20,21,-916136,-24742,0.4441687947109227,-1302194,-1195820,0.25,-0.07982697970334014,-0.05954999894833491,-1.5518791074547655,-1.6066800970435193
,False,"{""lower_level_enabled"":true,""market_return20_min"":0.0,""maximum_horizon"":10,""residual_z_max"":-1.0,""spacing_atr_multiplier"":1.25,""stop_steps"":3}",0.0,-1.0,1.25,True,3,10,21,-338842,2676,0.7307031131407427,-767496,-618526,0.25,-0.11359979655068299,-0.043164691604890316,-0.8879128465969386,-0.9555039177735026
,False,"{""lower_level_enabled"":true,""market_return20_min"":0.0,""maximum_horizon"":15,""residual_z_max"":-1.0,""spacing_atr_multiplier"":1.25,""stop_steps"":3}",0.0,-1.0,1.25,True,3,15,20,-336530,18072.5,0.7314760955237505,-757673,-616214,0.25,-0.11359979655068299,-0.04558263641416965,-0.8866902669659141,-0.9548858243447981
,False,"{""lower_level_enabled"":true,""market_return20_min"":0.0,""maximum_horizon"":20,""residual_z_max"":-1.0,""spacing_atr_multiplier"":1.25,""stop_steps"":3}",0.0,-1.0,1.25,True,3,20,20,-371443,18072.5,0.7116510838614719,-792499,-651127,0.25,-0.11359979655068299,-0.04776716470047282,-0.9630433483802318,-1.0317850378306916
,False,"{""lower_level_enabled"":false,""market_return20_min"":0.02,""maximum_horizon"":10,""residual_z_max"":-0.5,""spacing_atr_multiplier"":0.75,""stop_steps"":2}",0.02,-0.5,0.75,False,2,10,39,-852546,20506,0.6282366197477901,-1660628,-1072380,0.5,-0.05997233681680814,-0.04675431587235086,-2.1113469379756253,-2.153021685352117
,False,"{""lower_level_enabled"":false,""market_return20_min"":0.02,""maximum_horizon"":15,""residual_z_max"":-0.5,""spacing_atr_multiplier"":0.75,""stop_steps"":2}",0.02,-0.5,0.75,False,2,15,38,-873052,22149.5,0.619294721157624,-1671642,-1092886,0.5,-0.05997233681680814,-0.04721424492205345,-2.186144678763137,-2.2279344084020543
,False,"{""lower_level_enabled"":false,""market_return20_min"":0.02,""maximum_horizon"":20,""residual_z_max"":-0.5,""spacing_atr_multiplier"":0.75,""stop_steps"":2}",0.02,-0.5,0.75,False,2,20,37,-960471,20186,0.5811745693555301,-1716490,-1180305,0.5,-0.05997233681680814,-0.04767417397175604,-2.2589374011458627,-2.300842113047206
,False,"{""lower_level_enabled"":false,""market_return20_min"":0.02,""maximum_horizon"":10,""residual_z_max"":-0.5,""spacing_atr_multiplier"":0.75,""stop_steps"":3}",0.02,-0.5,0.75,False,3,10,39,-708248,28061,0.681236441539971,-1516534,-928082,0.5,-0.07998250739975105,-0.05839520482838501,-1.880064504558923,-1.9346545594658948
,False,"{""lower_level_enabled"":false,""market_return20_min"":0.02,""maximum_horizon"":15,""residual_z_max"":-0.5,""spacing_atr_multiplier"":0.75,""stop_steps"":3}",0.02,-0.5,0.75,False,3,15,38,-613539,29464.5,0.708760137564706,-1377321,-833373,0.5,-0.07998250739975105,-0.05982058637424711,-2.0136111463115807,-2.068557546605018
,False,"{""lower_level_enabled"":false,""market_return20_min"":0.02,""maximum_horizon"":20,""residual_z_max"":-0.5,""spacing_atr_multiplier"":0.75,""stop_steps"":3}",0.02,-0.5,0.75,False,3,20,37,-671033,28061,0.6768784429292346,-1392319,-890867,0.5,-0.07998250739975105,-0.05992813538088504,-2.057313890000152,-2.1122871775452485
,False,"{""lower_level_enabled"":true,""market_return20_min"":0.02,""maximum_horizon"":10,""residual_z_max"":-0.5,""spacing_atr_multiplier"":0.75,""stop_steps"":2}",0.02,-0.5,0.75,True,2,10,39,-1680427,20506,0.4615966012309644,-2601470,-1900261,0.25,-0.05997233681680814,-0.05364856764708342,-2.03974247594153,-2.0831407862617053
,False,"{""lower_level_enabled"":true,""market_return20_min"":0.02,""maximum_horizon"":15,""residual_z_max"":-0.5,""spacing_atr_multiplier"":0.75,""stop_steps"":2}",0.02,-0.5,0.75,True,2,15,38,-1700933,22149.5,0.45502654487317096,-2612484,-1920767,0.25,-0.05997233681680814,-0.05374446038710609,-2.1131458473010434,-2.156568130806224
,False,"{""lower_level_enabled"":true,""market_return20_min"":0.02,""maximum_horizon"":20,""residual_z_max"":-0.5,""spacing_atr_multiplier"":0.75,""stop_steps"":2}",0.02,-0.5,0.75,True,2,20,37,-1788352,20186,0.4270177788172873,-2657332,-2008186,0.25,-0.05997233681680814,-0.05384035312712876,-2.1844835854295606,-2.227929842119747
,False,"{""lower_level_enabled"":true,""market_return20_min"":0.02,""maximum_horizon"":10,""residual_z_max"":-0.5,""spacing_atr_multiplier"":0.75,""stop_steps"":3}",0.02,-0.5,0.75,True,3,10,38,-1701834,27490.5,0.4644637680064875,-2638282,-1921668,0.25,-0.09042168459115582,-0.058017945329094836,-2.007738324619259,-2.06745365324711
,False,"{""lower_level_enabled"":true,""market_return20_min"":0.02,""maximum_horizon"":15,""residual_z_max"":-0.5,""spacing_atr_multiplier"":0.75,""stop_steps"":3}",0.02,-0.5,0.75,True,3,15,37,-1592163,30868,0.47757442161727975,-2484243,-1811997,0.25,-0.09042168459115582,-0.05988500483003814,-2.139469655210986,-2.199651748714073
,False,"{""lower_level_enabled"":true,""market_return20_min"":0.02,""maximum_horizon"":20,""residual_z_max"":-0.5,""spacing_atr_multiplier"":0.75,""stop_steps"":3}",0.02,-0.5,0.75,True,3,20,36,-1649657,27490.5,0.45592254156131906,-2499241,-1869491,0.25,-0.09042168459115582,-0.05998177119896436,-2.1930417026586717,-2.2532479877539906
,False,"{""lower_level_enabled"":false,""market_return20_min"":0.02,""maximum_horizon"":10,""residual_z_max"":-0.5,""spacing_atr_multiplier"":1.0,""stop_steps"":2}",0.02,-0.5,1.0,False,2,10,39,-668250,25073,0.7308030227406488,-1477131,-947934,0.5,-0.06997742210827959,-0.057806517611203624,-1.8498178417894924,-1.8992581822464332
,False,"{""lower_level_enabled"":false,""market_return20_min"":0.02,""maximum_horizon"":15,""residual_z_max"":-0.5,""spacing_atr_multiplier"":1.0,""stop_steps"":2}",0.02,-0.5,1.0,False,2,15,38,-389103,27970.5,0.8217356246535302,-1154042,-668787,0.5,-0.06997742210827959,-0.058017945329094836,-1.8936777331950045,-1.943170930581418
,False,"{""lower_level_enabled"":false,""market_return20_min"":0.02,""maximum_horizon"":20,""residual_z_max"":-0.5,""spacing_atr_multiplier"":1.0,""stop_steps"":2}",0.02,-0.5,1.0,False,2,20,37,-446597,25073,0.7925511135472093,-1169040,-726281,0.5,-0.06997742210827959,-0.05822937304698604,-1.9352715102281801,-1.9848175645440664
,False,"{""lower_level_enabled"":false,""market_return20_min"":0.02,""maximum_horizon"":10,""residual_z_max"":-0.5,""spacing_atr_multiplier"":1.0,""stop_steps"":3}",0.02,-0.5,1.0,False,3,10,39,-628550,30868,0.7475361123172092,-1437432,-908234,0.5,-0.1024936985515445,-0.07060490721247654,-1.7956966689022653,-1.8645947449811566
,False,"{""lower_level_enabled"":false,""market_return20_min"":0.02,""maximum_horizon"":15,""residual_z_max"":-0.5,""spacing_atr_multiplier"":1.0,""stop_steps"":3}",0.02,-0.5,1.0,False,3,15,37,-622811,30868,0.740967287923832,-1376263,-902495,0.5,-0.1024936985515445,-0.07122833122447743,-2.082438034877025,-2.1514919669589165
,False,"{""lower_level_enabled"":false,""market_return20_min"":0.02,""maximum_horizon"":20,""residual_z_max"":-0.5,""spacing_atr_multiplier"":1.0,""stop_steps"":3}",0.02,-0.5,1.0,False,3,20,36,-715218,27970.5,0.7031502141647574,-1426087,-994902,0.5,-0.1024936985515445,-0.07580808723323447,-2.1590996178159303,-2.229298488900011
,False,"{""lower_level_enabled"":true,""market_return20_min"":0.02,""maximum_horizon"":10,""residual_z_max"":-0.5,""spacing_atr_multiplier"":1.0,""stop_steps"":2}",0.02,-0.5,1.0,True,2,10,38,-1582247,22789.5,0.5256476057937507,-2449717,-1861931,0.25,-0.08539388932600325,-0.0594530706242676,-2.0706666680496575,-2.1282268803687256
,False,"{""lower_level_enabled"":true,""market_return20_min"":0.02,""maximum_horizon"":15,""residual_z_max"":-0.5,""spacing_atr_multiplier"":1.0,""stop_steps"":2}",0.02,-0.5,1.0,True,2,15,37,-1303100,25073,0.5707755849010241,-2126628,-1582784,0.25,-0.08539388932600325,-0.05945948044284842,-2.114987653751409,-2.1725494685251228
,False,"{""lower_level_enabled"":true,""market_return20_min"":0.02,""maximum_horizon"":20,""residual_z_max"":-0.5,""spacing_atr_multiplier"":1.0,""stop_steps"":2}",0.02,-0.5,1.0,True,2,20,36,-1360594,-2938.0,0.5473763280035768,-2141626,-1640278,0.25,-0.08539388932600325,-0.05946589026142923,-2.158994514864833,-2.2165579320931914
,False,"{""lower_level_enabled"":true,""market_return20_min"":0.02,""maximum_horizon"":10,""residual_z_max"":-0.5,""spacing_atr_multiplier"":1.0,""stop_steps"":3}",0.02,-0.5,1.0,True,3,10,38,-1580195,27970.5,0.5356088239892509,-2465211,-1859879,0.25,-0.1017340979278427,-0.06878659443035742,-1.9559952454668612,-2.0240589430383715
,False,"{""lower_level_enabled"":true,""market_return20_min"":0.02,""maximum_horizon"":15,""residual_z_max"":-0.5,""spacing_atr_multiplier"":1.0,""stop_steps"":3}",0.02,-0.5,1.0,True,3,15,36,-1574456,27970.5,0.5253993072354438,-2404042,-1854140,0.25,-0.1017340979278427,-0.06969610368670807,-2.2527124975044535,-2.3210035723900515
,False,"{""lower_level_enabled"":true,""market_return20_min"":0.02,""maximum_horizon"":20,""residual_z_max"":-0.5,""spacing_atr_multiplier"":1.0,""stop_steps"":3}",0.02,-0.5,1.0,True,3,20,35,-1666863,25073,0.4982986803899927,-2453866,-1946547,0.25,-0.1017340979278427,-0.07670470482368047,-2.3290960952455673,-2.3991393204154083
,False,"{""lower_level_enabled"":false,""market_return20_min"":0.02,""maximum_horizon"":10,""residual_z_max"":-0.5,""spacing_atr_multiplier"":1.25,""stop_steps"":2}",0.02,-0.5,1.25,False,2,10,38,-1082544,-50599.0,0.6157665261594684,-1880032,-1362228,0.25,-0.07998250739975105,-0.06144559655496024,-2.1805116736817753,-2.235864326520391
,False,"{""lower_level_enabled"":false,""market_return20_min"":0.02,""maximum_horizon"":15,""residual_z_max"":-0.5,""spacing_atr_multiplier"":1.25,""stop_steps"":2}",0.02,-0.5,1.25,False,2,15,37,-997809,-57007,0.6320995246981108,-1750769,-1277493,0.25,-0.07998250739975105,-0.0669307697480867,-2.315493858925235,-2.372217805062132
,False,"{""lower_level_enabled"":false,""market_return20_min"":0.02,""maximum_horizon"":20,""residual_z_max"":-0.5,""spacing_atr_multiplier"":1.25,""stop_steps"":2}",0.02,-0.5,1.25,False,2,20,36,-1085228,-47493.5,0.5954032553315393,-1795617,-1364912,0.25,-0.07998250739975105,-0.06719629777583688,-2.377329268172539,-2.4341195963163735
,False,"{""lower_level_enabled"":false,""market_return20_min"":0.02,""maximum_horizon"":10,""residual_z_max"":-0.5,""spacing_atr_multiplier"":1.25,""stop_steps"":3}",0.02,-0.5,1.25,False,3,10,37,-669818,9171,0.7339042835968596,-1459480,-949502,0.25,-0.11500030591990114,-0.06388482863349232,-1.8477520463692556,-1.9212234064875793
,False,"{""lower_level_enabled"":false,""market_return20_min"":0.02,""maximum_horizon"":15,""residual_z_max"":-0.5,""spacing_atr_multiplier"":1.25,""stop_steps"":3}",0.02,-0.5,1.25,False,3,15,35,-619192,-30949,0.7459103846520011,-1353536,-898876,0.25,-0.11500030591990114,-0.06963598739114914,-2.022477880695759,-2.0973870305034965
,False,"{""lower_level_enabled"":false,""market_return20_min"":0.02,""maximum_horizon"":20,""residual_z_max"":-0.5,""spacing_atr_multiplier"":1.25,""stop_steps"":3}",0.02,-0.5,1.25,False,3,20,34,-761474,-34464.5,0.6906893293720718,-1453010,-1041158,0.25,-0.11500030591990114,-0.0837817615485386,-2.131546714844865,-2.20999230819195
,False,"{""lower_level_enabled"":true,""market_return20_min"":0.02,""maximum_horizon"":10,""residual_z_max"":-0.5,""spacing_atr_multiplier"":1.25,""stop_steps"":2}",0.02,-0.5,1.25,True,2,10,37,-1643997,-70249,0.5037875506588863,-2472732,-1923681,0.25,-0.09042168459115582,-0.062077462423835356,-2.389541851490823,-2.4502720593923595
,False,"{""lower_level_enabled"":true,""market_return20_min"":0.02,""maximum_horizon"":15,""residual_z_max"":-0.5,""spacing_atr_multiplier"":1.25,""stop_steps"":2}",0.02,-0.5,1.25,True,2,15,36,-1559262,-62456.0,0.5139230325607494,-2343469,-1838946,0.25,-0.09042168459115582,-0.06719629777583688,-2.5258672474155675,-2.5878771641551044
,False,"{""lower_level_enabled"":true,""market_return20_min"":0.02,""maximum_horizon"":20,""residual_z_max"":-0.5,""spacing_atr_multiplier"":1.25,""stop_steps"":2}",0.02,-0.5,1.25,True,2,20,35,-1646681,-57007,0.48183767710062386,-2388317,-1926365,0.25,-0.09042168459115582,-0.06746182580358705,-2.592420853540583,-2.6544971522870573
,False,"{""lower_level_enabled"":true,""market_return20_min"":0.02,""maximum_horizon"":10,""residual_z_max"":-0.5,""spacing_atr_multiplier"":1.25,""stop_steps"":3}",0.02,-0.5,1.25,True,3,10,37,-1166453,9171,0.6141228458734953,-2037534,-1446137,0.25,-0.11359979655068299,-0.06388482863349232,-1.924787904062771,-1.9975590094964855
,False,"{""lower_level_enabled"":true,""market_return20_min"":0.02,""maximum_horizon"":15,""residual_z_max"":-0.5,""spacing_atr_multiplier"":1.25,""stop_steps"":3}",0.02,-0.5,1.25,True,3,15,35,-1115827,-30949,0.62079693926169,-1931590,-1395511,0.25,-0.11359979655068299,-0.06963598739114914,-2.1007988849738735,-2.175007780097002
,False,"{""lower_level_enabled"":true,""market_return20_min"":0.02,""maximum_horizon"":20,""residual_z_max"":-0.5,""spacing_atr_multiplier"":1.25,""stop_steps"":3}",0.02,-0.5,1.25,True,3,20,34,-1258109,-34464.5,0.5760368337480488,-2031064,-1537793,0.25,-0.11359979655068299,-0.0837817615485386,-2.20942595994093,-2.287171298603406
,False,"{""lower_level_enabled"":false,""market_return20_min"":0.02,""maximum_horizon"":10,""residual_z_max"":-0.75,""spacing_atr_multiplier"":0.75,""stop_steps"":2}",0.02,-0.75,0.75,False,2,10,26,-961410,-14986.5,0.4880739074293473,-1518510,-1181244,0.5,-0.05997233681680814,-0.048134103021458624,-2.2816715755287804,-2.3236912696925494
,False,"{""lower_level_enabled"":false,""market_return20_min"":0.02,""maximum_horizon"":15,""residual_z_max"":-0.75,""spacing_atr_multiplier"":0.75,""stop_steps"":2}",0.02,-0.75,0.75,False,2,15,26,-961410,-14986.5,0.4880739074293473,-1518510,-1181244,0.5,-0.05997233681680814,-0.048134103021458624,-2.2816715755287804,-2.3236912696925494
,False,"{""lower_level_enabled"":false,""market_return20_min"":0.02,""maximum_horizon"":20,""residual_z_max"":-0.75,""spacing_atr_multiplier"":0.75,""stop_steps"":2}",0.02,-0.75,0.75,False,2,20,26,-961410,-14986.5,0.4880739074293473,-1518510,-1181244,0.5,-0.05997233681680814,-0.048134103021458624,-2.2816715755287804,-2.3236912696925494
,False,"{""lower_level_enabled"":false,""market_return20_min"":0.02,""maximum_horizon"":10,""residual_z_max"":-0.75,""spacing_atr_multiplier"":0.75,""stop_steps"":3}",0.02,-0.75,0.75,False,3,10,26,-941700,-3418.0,0.5051921459170865,-1498691,-1161534,0.5,-0.07998250739975105,-0.06003568438752298,-2.22034079171993,-2.275340966516686
,False,"{""lower_level_enabled"":false,""market_return20_min"":0.02,""maximum_horizon"":15,""residual_z_max"":-0.75,""spacing_atr_multiplier"":0.75,""stop_steps"":3}",0.02,-0.75,0.75,False,3,15,25,-714615,24113,0.5736385776795591,-1224729,-934449,0.5,-0.07998250739975105,-0.060143233394160917,-2.0858464850278193,-2.140873547076235
,False,"{""lower_level_enabled"":false,""market_return20_min"":0.02,""maximum_horizon"":20,""residual_z_max"":-0.75,""spacing_atr_multiplier"":0.75,""stop_steps"":3}",0.02,-0.75,0.75,False,3,20,25,-684690,24113,0.5840666086323689,-1194879,-904524,0.5,-0.07998250739975105,-0.060143233394160917,-2.0667441453675064,-2.121771207415922
,False,"{""lower_level_enabled"":true,""market_return20_min"":0.02,""maximum_horizon"":10,""residual_z_max"":-0.75,""spacing_atr_multiplier"":0.75,""stop_steps"":2}",0.02,-0.75,0.75,True,2,10,26,-1757158,-14986.5,0.3428170603862033,-2404991,-1976992,0.25,-0.05997233681680814,-0.05393624586715143,-2.342219078207678,-2.38568930808287
,False,"{""lower_level_enabled"":true,""market_return20_min"":0.02,""maximum_horizon"":15,""residual_z_max"":-0.75,""spacing_atr_multiplier"":0.75,""stop_steps"":2}",0.02,-0.75,0.75,True,2,15,26,-1757158,-14986.5,0.3428170603862033,-2404991,-1976992,0.25,-0.05997233681680814,-0.05393624586715143,-2.342219078207678,-2.38568930808287
,False,"{""lower_level_enabled"":true,""market_return20_min"":0.02,""maximum_horizon"":20,""residual_z_max"":-0.75,""spacing_atr_multiplier"":0.75,""stop_steps"":2}",0.02,-0.75,0.75,True,2,20,26,-1757158,-14986.5,0.3428170603862033,-2404991,-1976992,0.25,-0.05997233681680814,-0.05393624586715143,-2.342219078207678,-2.38568930808287
,False,"{""lower_level_enabled"":true,""market_return20_min"":0.02,""maximum_horizon"":10,""residual_z_max"":-0.75,""spacing_atr_multiplier"":0.75,""stop_steps"":3}",0.02,-0.75,0.75,True,3,10,25,-1878215,-30949,0.32773330317189087,-2541303,-2098049,0.25,-0.09042168459115582,-0.06145177130437153,-2.375066961909459,-2.4356407470311296
,False,"{""lower_level_enabled"":true,""market_return20_min"":0.02,""maximum_horizon"":15,""residual_z_max"":-0.75,""spacing_atr_multiplier"":0.75,""stop_steps"":3}",0.02,-0.75,0.75,True,3,15,24,-1581305,4251.5,0.36670385879699346,-2197790,-1801139,0.25,-0.09042168459115582,-0.061777409962711236,-2.227646500135249,-2.2883016949215045
,False,"{""lower_level_enabled"":true,""market_return20_min"":0.02,""maximum_horizon"":20,""residual_z_max"":-0.75,""spacing_atr_multiplier"":0.75,""stop_steps"":3}",0.02,-0.75,0.75,True,3,20,24,-1551380,19214.0,0.37477985631922184,-2167940,-1771214,0.25,-0.09042168459115582,-0.061777409962711236,-2.217002729491722,-2.2776579242779778
,False,"{""lower_level_enabled"":false,""market_return20_min"":0.02,""maximum_horizon"":10,""residual_z_max"":-0.75,""spacing_atr_multiplier"":1.0,""stop_steps"":2}",0.02,-0.75,1.0,False,2,10,26,-1041252,-78644.0,0.5187601158393593,-1598089,-1320936,0.5,-0.06997742210827959,-0.06254580000165211,-2.487650811632394,-2.538275972686947
,False,"{""lower_level_enabled"":false,""market_return20_min"":0.02,""maximum_horizon"":15,""residual_z_max"":-0.75,""spacing_atr_multiplier"":1.0,""stop_steps"":2}",0.02,-0.75,1.0,False,2,15,25,-644692,-67905,0.6351748545378202,-1155176,-924376,0.5,-0.06997742210827959,-0.06315537213111586,-2.2681186598696272,-2.318896213956546
,False,"{""lower_level_enabled"":false,""market_return20_min"":0.02,""maximum_horizon"":20,""residual_z_max"":-0.75,""spacing_atr_multiplier"":1.0,""stop_steps"":2}",0.02,-0.75,1.0,False,2,20,25,-614767,-37980,0.6461163676511814,-1125326,-894451,0.5,-0.06997742210827959,-0.06315537213111586,-2.2485154424824003,-2.299292996569319
,False,"{""lower_level_enabled"":false,""market_return20_min"":0.02,""maximum_horizon"":10,""residual_z_max"":-0.75,""spacing_atr_multiplier"":1.0,""stop_steps"":3}",0.02,-0.75,1.0,False,3,10,26,-1001552,-50599.0,0.5386606699506118,-1558390,-1281236,0.5,-0.1024936985515445,-0.07124444256723195,-2.2982515636015046,-2.367309523519085
,False,"{""lower_level_enabled"":false,""market_return20_min"":0.02,""maximum_horizon"":15,""residual_z_max"":-0.75,""spacing_atr_multiplier"":1.0,""stop_steps"":3}",0.02,-0.75,1.0,False,3,15,25,-769479,-30949,0.6031348816051221,-1279452,-1049163,0.5,-0.1024936985515445,-0.07126055390998645,-2.176448872379131,-2.2455108601324
,False,"{""lower_level_enabled"":false,""market_return20_min"":0.02,""maximum_horizon"":20,""residual_z_max"":-0.75,""spacing_atr_multiplier"":1.0,""stop_steps"":3}",0.02,-0.75,1.0,False,3,20,25,-774467,-30949,0.6015872370788129,-1284428,-1054151,0.5,-0.1024936985515445,-0.08204365324883103,-2.198181611348796,-2.269939373936776
,False,"{""lower_level_enabled"":true,""market_return20_min"":0.02,""maximum_horizon"":10,""residual_z_max"":-0.75,""spacing_atr_multiplier"":1.0,""stop_steps"":2}",0.02,-0.75,1.0,True,2,10,25,-1955249,-87039,0.3519006449341824,-2570675,-2234933,0.25,-0.08539388932600325,-0.061013946559122054,-2.791072080327926,-2.8490225116307077
,False,"{""lower_level_enabled"":true,""market_return20_min"":0.02,""maximum_horizon"":15,""residual_z_max"":-0.75,""spacing_atr_multiplier"":1.0,""stop_steps"":2}",0.02,-0.75,1.0,True,2,15,24,-1558689,-69077.0,0.40515704659362517,-2127762,-1838373,0.25,-0.08539388932600325,-0.061266614426586846,-2.564349557908469,-2.6223631561781175
,False,"{""lower_level_enabled"":true,""market_return20_min"":0.02,""maximum_horizon"":20,""residual_z_max"":-0.75,""spacing_atr_multiplier"":1.0,""stop_steps"":2}",0.02,-0.75,1.0,True,2,20,24,-1528764,-54114.5,0.40983750847355555,-2097912,-1808448,0.25,-0.08539388932600325,-0.061266614426586846,-2.5434383316639835,-2.601451929933632
,False,"{""lower_level_enabled"":true,""market_return20_min"":0.02,""maximum_horizon"":10,""residual_z_max"":-0.75,""spacing_atr_multiplier"":1.0,""stop_steps"":3}",0.02,-0.75,1.0,True,3,10,25,-1953197,-70249,0.36667318411933486,-2586169,-2232881,0.25,-0.1017340979278427,-0.07098106458949502,-2.5349697945212455,-2.60358210963254
,False,"{""lower_level_enabled"":true,""market_return20_min"":0.02,""maximum_horizon"":15,""residual_z_max"":-0.75,""spacing_atr_multiplier"":1.0,""stop_steps"":3}",0.02,-0.75,1.0,True,3,15,24,-1721124,-49427.0,0.3965106029059375,-2307231,-2000808,0.25,-0.1017340979278427,-0.07034766192442664,-2.40682392211984,-2.475277886564868
,False,"{""lower_level_enabled"":true,""market_return20_min"":0.02,""maximum_horizon"":20,""residual_z_max"":-0.75,""spacing_atr_multiplier"":1.0,""stop_steps"":3}",0.02,-0.75,1.0,True,3,20,24,-1726112,-34464.5,0.3958183260283198,-2312207,-2005796,0.25,-0.1017340979278427,-0.08383009557680213,-2.4207564955382215,-2.492581068396343
,False,"{""lower_level_enabled"":false,""market_return20_min"":0.02,""maximum_horizon"":10,""residual_z_max"":-0.75,""spacing_atr_multiplier"":1.25,""stop_steps"":2}",0.02,-0.75,1.25,False,2,10,26,-1475262,-110611.0,0.4130774938284621,-2030616,-1754946,0.25,-0.07998250739975105,-0.07204766265171862,-2.6597117724879937,-2.7177149418507986
,False,"{""lower_level_enabled"":false,""market_return20_min"":0.02,""maximum_horizon"":15,""residual_z_max"":-0.75,""spacing_atr_multiplier"":1.25,""stop_steps"":2}",0.02,-0.75,1.25,False,2,15,25,-988926,-70249,0.5446030036346992,-1498153,-1268610,0.25,-0.07998250739975105,-0.07328346365464514,-2.3557705885803033,-2.41408270819384
,False,"{""lower_level_enabled"":false,""market_return20_min"":0.02,""maximum_horizon"":20,""residual_z_max"":-0.75,""spacing_atr_multiplier"":1.25,""stop_steps"":2}",0.02,-0.75,1.25,False,2,20,25,-959001,-70249,0.552212692679082,-1468303,-1238685,0.25,-0.07998250739975105,-0.07328346365464514,-2.338033038465744,-2.396345158079281
,False,"{""lower_level_enabled"":false,""market_return20_min"":0.02,""maximum_horizon"":10,""residual_z_max"":-0.75,""spacing_atr_multiplier"":1.25,""stop_steps"":3}",0.02,-0.75,1.25,False,3,10,25,-1062536,-87039,0.5199421691101723,-1610064,-1342220,0.25,-0.11500030591990114,-0.07088439653296796,-2.2042183660487296,-2.279439618141922
,False,"{""lower_level_enabled"":false,""market_return20_min"":0.02,""maximum_horizon"":15,""residual_z_max"":-0.75,""spacing_atr_multiplier"":1.25,""stop_steps"":3}",0.02,-0.75,1.25,False,3,15,24,-571212,-49427.0,0.6939459144352478,-1072625,-850896,0.25,-0.11500030591990114,-0.0700179620067267,-1.9316212540687734,-2.0066258975304057
,False,"{""lower_level_enabled"":false,""market_return20_min"":0.02,""maximum_horizon"":20,""residual_z_max"":-0.75,""spacing_atr_multiplier"":1.25,""stop_steps"":3}",0.02,-0.75,1.25,False,3,20,24,-576200,-34464.5,0.6920962463743023,-1077601,-855884,0.25,-0.11500030591990114,-0.0837817615485386,-1.9609556583338794,-2.0394012516809643
,False,"{""lower_level_enabled"":true,""market_return20_min"":0.02,""maximum_horizon"":10,""residual_z_max"":-0.75,""spacing_atr_multiplier"":1.25,""stop_steps"":2}",0.02,-0.75,1.25,True,2,10,25,-2036715,-114901,0.3231782573239569,-2623316,-2316399,0.25,-0.09042168459115582,-0.07328346365464514,-2.952269213657142,-3.015800921866381
,False,"{""lower_level_enabled"":true,""market_return20_min"":0.02,""maximum_horizon"":15,""residual_z_max"":-0.75,""spacing_atr_multiplier"":1.25,""stop_steps"":2}",0.02,-0.75,1.25,True,2,15,24,-1550379,-78644.0,0.4187345908591927,-2090853,-1830063,0.25,-0.09042168459115582,-0.07451926465757167,-2.627015655056082,-2.6908563135160524
,False,"{""lower_level_enabled"":true,""market_return20_min"":0.02,""maximum_horizon"":20,""residual_z_max"":-0.75,""spacing_atr_multiplier"":1.25,""stop_steps"":2}",0.02,-0.75,1.25,True,2,20,24,-1520454,-78644.0,0.42348586047291137,-2061003,-1800138,0.25,-0.09042168459115582,-0.07451926465757167,-2.607885381135809,-2.6717260395957796
,False,"{""lower_level_enabled"":true,""market_return20_min"":0.02,""maximum_horizon"":10,""residual_z_max"":-0.75,""spacing_atr_multiplier"":1.25,""stop_steps"":3}",0.02,-0.75,1.25,True,3,10,25,-1559171,-87039,0.42656538938523075,-2188118,-1838855,0.25,-0.11359979655068299,-0.07088439653296796,-2.310531087522047,-2.3850520849306305
,False,"{""lower_level_enabled"":true,""market_return20_min"":0.02,""maximum_horizon"":15,""residual_z_max"":-0.75,""spacing_atr_multiplier"":1.25,""stop_steps"":3}",0.02,-0.75,1.25,True,3,15,24,-1067847,-49427.0,0.5498172451444543,-1650679,-1347531,0.25,-0.11359979655068299,-0.0700179620067267,-2.02801380670926,-2.102318195486283
,False,"{""lower_level_enabled"":true,""market_return20_min"":0.02,""maximum_horizon"":20,""residual_z_max"":-0.75,""spacing_atr_multiplier"":1.25,""stop_steps"":3}",0.02,-0.75,1.25,True,3,20,24,-1072835,-34464.5,0.5486634935032044,-1655655,-1352519,0.25,-0.11359979655068299,-0.0837817615485386,-2.054263352357259,-2.132008691019735
,False,"{""lower_level_enabled"":false,""market_return20_min"":0.02,""maximum_horizon"":10,""residual_z_max"":-1.0,""spacing_atr_multiplier"":0.75,""stop_steps"":2}",0.02,-1.0,0.75,False,2,10,18,-170003,27490.5,0.8040455804989604,-515235,-389837,0.75,-0.050433748269971566,-0.03881868120656727,-0.3630329555073498,-0.3979544999439774
,False,"{""lower_level_enabled"":false,""market_return20_min"":0.02,""maximum_horizon"":15,""residual_z_max"":-1.0,""spacing_atr_multiplier"":0.75,""stop_steps"":2}",0.02,-1.0,0.75,False,2,15,18,-170003,27490.5,0.8040455804989604,-515235,-389837,0.75,-0.050433748269971566,-0.03881868120656727,-0.3630329555073498,-0.3979544999439774
,False,"{""lower_level_enabled"":false,""market_return20_min"":0.02,""maximum_horizon"":20,""residual_z_max"":-1.0,""spacing_atr_multiplier"":0.75,""stop_steps"":2}",0.02,-1.0,0.75,False,2,20,18,-170003,27490.5,0.8040455804989604,-515235,-389837,0.75,-0.050433748269971566,-0.03881868120656727,-0.3630329555073498,-0.3979544999439774
,False,"{""lower_level_enabled"":false,""market_return20_min"":0.02,""maximum_horizon"":10,""residual_z_max"":-1.0,""spacing_atr_multiplier"":0.75,""stop_steps"":3}",0.02,-1.0,0.75,False,3,10,18,-264865,27490.5,0.7247944257532527,-609561,-484699,0.5,-0.07317336354001812,-0.056123610126927834,-0.7233642730870715,-0.7739818573888125
,False,"{""lower_level_enabled"":false,""market_return20_min"":0.02,""maximum_horizon"":15,""residual_z_max"":-1.0,""spacing_atr_multiplier"":0.75,""stop_steps"":3}",0.02,-1.0,0.75,False,3,15,18,-264865,27490.5,0.7247944257532527,-609561,-484699,0.5,-0.07317336354001812,-0.056123610126927834,-0.7233642730870715,-0.7739818573888125
,False,"{""lower_level_enabled"":false,""market_return20_min"":0.02,""maximum_horizon"":20,""residual_z_max"":-1.0,""spacing_atr_multiplier"":0.75,""stop_steps"":3}",0.02,-1.0,0.75,False,3,20,18,-264865,27490.5,0.7247944257532527,-609561,-484699,0.5,-0.07317336354001812,-0.056123610126927834,-0.7233642730870715,-0.7739818573888125
,False,"{""lower_level_enabled"":true,""market_return20_min"":0.02,""maximum_horizon"":10,""residual_z_max"":-1.0,""spacing_atr_multiplier"":0.75,""stop_steps"":2}",0.02,-1.0,0.75,True,2,10,18,-284460,27490.5,0.7103320601086942,-639147,-504294,0.5,-0.05441570956726478,-0.03881868120656727,-0.3930039082365442,-0.4299164333218184
,False,"{""lower_level_enabled"":true,""market_return20_min"":0.02,""maximum_horizon"":15,""residual_z_max"":-1.0,""spacing_atr_multiplier"":0.75,""stop_steps"":2}",0.02,-1.0,0.75,True,2,15,18,-284460,27490.5,0.7103320601086942,-639147,-504294,0.5,-0.05441570956726478,-0.03881868120656727,-0.3930039082365442,-0.4299164333218184
,False,"{""lower_level_enabled"":true,""market_return20_min"":0.02,""maximum_horizon"":20,""residual_z_max"":-1.0,""spacing_atr_multiplier"":0.75,""stop_steps"":2}",0.02,-1.0,0.75,True,2,20,18,-284460,27490.5,0.7103320601086942,-639147,-504294,0.5,-0.05441570956726478,-0.03881868120656727,-0.3930039082365442,-0.4299164333218184
,False,"{""lower_level_enabled"":true,""market_return20_min"":0.02,""maximum_horizon"":10,""residual_z_max"":-1.0,""spacing_atr_multiplier"":0.75,""stop_steps"":3}",0.02,-1.0,0.75,True,3,10,18,-504186,27490.5,0.5804557864508919,-873097,-724020,0.5,-0.06582894512686599,-0.05134669123613657,-0.6400417849864776,-0.6857929303589447
,False,"{""lower_level_enabled"":true,""market_return20_min"":0.02,""maximum_horizon"":15,""residual_z_max"":-1.0,""spacing_atr_multiplier"":0.75,""stop_steps"":3}",0.02,-1.0,0.75,True,3,15,18,-504186,27490.5,0.5804557864508919,-873097,-724020,0.5,-0.06582894512686599,-0.05134669123613657,-0.6400417849864776,-0.6857929303589447
,False,"{""lower_level_enabled"":true,""market_return20_min"":0.02,""maximum_horizon"":20,""residual_z_max"":-1.0,""spacing_atr_multiplier"":0.75,""stop_steps"":3}",0.02,-1.0,0.75,True,3,20,18,-504186,27490.5,0.5804557864508919,-873097,-724020,0.5,-0.06582894512686599,-0.05134669123613657,-0.6400417849864776,-0.6857929303589447
,False,"{""lower_level_enabled"":false,""market_return20_min"":0.02,""maximum_horizon"":10,""residual_z_max"":-1.0,""spacing_atr_multiplier"":1.0,""stop_steps"":2}",0.02,-1.0,1.0,False,2,10,18,-513942,13085.0,0.5993589019012332,-858011,-793626,0.5,-0.06734413969768376,-0.05585130370852996,-1.2460125902474855,-1.29364748602346
,False,"{""lower_level_enabled"":false,""market_return20_min"":0.02,""maximum_horizon"":15,""residual_z_max"":-1.0,""spacing_atr_multiplier"":1.0,""stop_steps"":2}",0.02,-1.0,1.0,False,2,15,18,-513942,13085.0,0.5993589019012332,-858011,-793626,0.5,-0.06734413969768376,-0.05585130370852996,-1.2460125902474855,-1.29364748602346
,False,"{""lower_level_enabled"":false,""market_return20_min"":0.02,""maximum_horizon"":20,""residual_z_max"":-1.0,""spacing_atr_multiplier"":1.0,""stop_steps"":2}",0.02,-1.0,1.0,False,2,20,18,-513942,13085.0,0.5993589019012332,-858011,-793626,0.5,-0.06734413969768376,-0.05585130370852996,-1.2460125902474855,-1.29364748602346
,False,"{""lower_level_enabled"":false,""market_return20_min"":0.02,""maximum_horizon"":10,""residual_z_max"":-1.0,""spacing_atr_multiplier"":1.0,""stop_steps"":3}",0.02,-1.0,1.0,False,3,10,18,-329605,28031.0,0.7122464515881206,-674235,-609289,0.5,-0.09591348540696956,-0.07072311357086292,-1.009321450065648,-1.0749589711618486
,False,"{""lower_level_enabled"":false,""market_return20_min"":0.02,""maximum_horizon"":15,""residual_z_max"":-1.0,""spacing_atr_multiplier"":1.0,""stop_steps"":3}",0.02,-1.0,1.0,False,3,15,18,-324617,28031.0,0.7153616016077807,-669259,-604301,0.5,-0.09591348540696956,-0.06853839757267997,-0.9976685215238192,-1.062759863620474
,False,"{""lower_level_enabled"":false,""market_return20_min"":0.02,""maximum_horizon"":20,""residual_z_max"":-1.0,""spacing_atr_multiplier"":1.0,""stop_steps"":3}",0.02,-1.0,1.0,False,3,20,18,-359530,28031.0,0.6941125622890553,-704085,-639214,0.5,-0.09591348540696956,-0.07668432626491775,-1.0695615588169913,-1.1366893830867055
,False,"{""lower_level_enabled"":true,""market_return20_min"":0.02,""maximum_horizon"":10,""residual_z_max"":-1.0,""spacing_atr_multiplier"":1.0,""stop_steps"":2}",0.02,-1.0,1.0,True,2,10,18,-733313,13085.0,0.5118308846535345,-1101647,-1012997,0.5,-0.06734413969768376,-0.05279927093258885,-1.1939885977678104,-1.2408604853497995
,False,"{""lower_level_enabled"":true,""market_return20_min"":0.02,""maximum_horizon"":15,""residual_z_max"":-1.0,""spacing_atr_multiplier"":1.0,""stop_steps"":2}",0.02,-1.0,1.0,True,2,15,18,-733313,13085.0,0.5118308846535345,-1101647,-1012997,0.5,-0.06734413969768376,-0.05279927093258885,-1.1939885977678104,-1.2408604853497995
,False,"{""lower_level_enabled"":true,""market_return20_min"":0.02,""maximum_horizon"":20,""residual_z_max"":-1.0,""spacing_atr_multiplier"":1.0,""stop_steps"":2}",0.02,-1.0,1.0,True,2,20,18,-733313,13085.0,0.5118308846535345,-1101647,-1012997,0.5,-0.06734413969768376,-0.05279927093258885,-1.1939885977678104,-1.2408604853497995
,False,"{""lower_level_enabled"":true,""market_return20_min"":0.02,""maximum_horizon"":10,""residual_z_max"":-1.0,""spacing_atr_multiplier"":1.0,""stop_steps"":3}",0.02,-1.0,1.0,True,3,10,18,-586624,28031.0,0.5882366566689806,-973064,-866308,0.5,-0.09246025187584703,-0.07072311357086292,-0.9843063172838461,-1.0482172216144854
,False,"{""lower_level_enabled"":true,""market_return20_min"":0.02,""maximum_horizon"":15,""residual_z_max"":-1.0,""spacing_atr_multiplier"":1.0,""stop_steps"":3}",0.02,-1.0,1.0,True,3,15,18,-581636,28031.0,0.5903034145138852,-968088,-861320,0.5,-0.09246025187584703,-0.06853839757267997,-0.9724031006972114,-1.0357678260283047
,False,"{""lower_level_enabled"":true,""market_return20_min"":0.02,""maximum_horizon"":20,""residual_z_max"":-1.0,""spacing_atr_multiplier"":1.0,""stop_steps"":3}",0.02,-1.0,1.0,True,3,20,18,-616549,28031.0,0.5761349605524039,-1002914,-896233,0.5,-0.09246025187584703,-0.07668432626491775,-1.0456685063525848,-1.1110697138567376
,False,"{""lower_level_enabled"":false,""market_return20_min"":0.02,""maximum_horizon"":10,""residual_z_max"":-1.0,""spacing_atr_multiplier"":1.25,""stop_steps"":2}",0.02,-1.0,1.25,False,2,10,18,-708552,-14986.5,0.5072543389382371,-1052035,-988236,0.25,-0.07982697970334014,-0.0651529995637398,-1.3108672912090056,-1.3670690309516105
,False,"{""lower_level_enabled"":false,""market_return20_min"":0.02,""maximum_horizon"":15,""residual_z_max"":-1.0,""spacing_atr_multiplier"":1.25,""stop_steps"":2}",0.02,-1.0,1.25,False,2,15,18,-708552,-14986.5,0.5072543389382371,-1052035,-988236,0.25,-0.07982697970334014,-0.0651529995637398,-1.3108672912090056,-1.3670690309516105
,False,"{""lower_level_enabled"":false,""market_return20_min"":0.02,""maximum_horizon"":20,""residual_z_max"":-1.0,""spacing_atr_multiplier"":1.25,""stop_steps"":2}",0.02,-1.0,1.25,False,2,20,18,-708552,-14986.5,0.5072543389382371,-1052035,-988236,0.25,-0.07982697970334014,-0.0651529995637398,-1.3108672912090056,-1.3670690309516105
,False,"{""lower_level_enabled"":false,""market_return20_min"":0.02,""maximum_horizon"":10,""residual_z_max"":-1.0,""spacing_atr_multiplier"":1.25,""stop_steps"":3}",0.02,-1.0,1.25,False,3,10,18,-140277,35512.5,0.8661462403636686,-485483,-419961,0.25,-0.11359979655068299,-0.05731275427950794,-0.5334067835212593,-0.6045348703664777
,False,"{""lower_level_enabled"":false,""market_return20_min"":0.02,""maximum_horizon"":15,""residual_z_max"":-1.0,""spacing_atr_multiplier"":1.25,""stop_steps"":3}",0.02,-1.0,1.25,False,3,15,18,-135289,35512.5,0.8702884662401402,-480507,-414973,0.25,-0.11359979655068299,-0.056376447423143815,-0.518973979644699,-0.5898679897758264
,False,"{""lower_level_enabled"":false,""market_return20_min"":0.02,""maximum_horizon"":20,""residual_z_max"":-1.0,""spacing_atr_multiplier"":1.25,""stop_steps"":3}",0.02,-1.0,1.25,False,3,20,18,-170202,35512.5,0.8421002827689088,-515333,-449886,0.25,-0.11359979655068299,-0.06293003228205331,-0.6125493372184782,-0.6850817435643329
,False,"{""lower_level_enabled"":true,""market_return20_min"":0.02,""maximum_horizon"":10,""residual_z_max"":-1.0,""spacing_atr_multiplier"":1.25,""stop_steps"":2}",0.02,-1.0,1.25,True,2,10,18,-813466,-14986.5,0.4727616711852696,-1171759,-1093150,0.25,-0.07982697970334014,-0.0651529995637398,-1.2742678335818116,-1.3304695733244165
,False,"{""lower_level_enabled"":true,""market_return20_min"":0.02,""maximum_horizon"":15,""residual_z_max"":-1.0,""spacing_atr_multiplier"":1.25,""stop_steps"":2}",0.02,-1.0,1.25,True,2,15,18,-813466,-14986.5,0.4727616711852696,-1171759,-1093150,0.25,-0.07982697970334014,-0.0651529995637398,-1.2742678335818116,-1.3304695733244165
,False,"{""lower_level_enabled"":true,""market_return20_min"":0.02,""maximum_horizon"":20,""residual_z_max"":-1.0,""spacing_atr_multiplier"":1.25,""stop_steps"":2}",0.02,-1.0,1.25,True,2,20,18,-813466,-14986.5,0.4727616711852696,-1171759,-1093150,0.25,-0.07982697970334014,-0.0651529995637398,-1.2742678335818116,-1.3304695733244165
,False,"{""lower_level_enabled"":true,""market_return20_min"":0.02,""maximum_horizon"":10,""residual_z_max"":-1.0,""spacing_atr_multiplier"":1.25,""stop_steps"":3}",0.02,-1.0,1.25,True,3,10,18,-236172,35512.5,0.7951498003731456,-637061,-515856,0.25,-0.11359979655068299,-0.05135483288909247,-0.6143588999368784,-0.683997506434493
,False,"{""lower_level_enabled"":true,""market_return20_min"":0.02,""maximum_horizon"":15,""residual_z_max"":-1.0,""spacing_atr_multiplier"":1.25,""stop_steps"":3}",0.02,-1.0,1.25,True,3,15,18,-231184,35512.5,0.798604946542116,-632085,-510868,0.25,-0.11359979655068299,-0.05041852603272834,-0.6001865204928473,-0.6695910502763709
,False,"{""lower_level_enabled"":true,""market_return20_min"":0.02,""maximum_horizon"":20,""residual_z_max"":-1.0,""spacing_atr_multiplier"":1.25,""stop_steps"":3}",0.02,-1.0,1.25,True,3,20,18,-266097,35512.5,0.77503284506766,-666911,-545781,0.25,-0.11359979655068299,-0.05697211089163784,-0.6912190144604583,-0.7622619404587092
