trading_date,research_role
2022-01-04,selector_development
2022-01-05,selector_development
2022-01-06,selector_development
2022-01-07,selector_development
2022-01-10,selector_development
2022-01-11,selector_development
2022-01-12,selector_development
2022-01-13,selector_development
2022-01-14,selector_development
2022-01-17,selector_development
2022-01-18,selector_development
2022-01-19,selector_development
2022-01-20,selector_development
2022-01-21,selector_development
2022-01-24,selector_development
2022-01-25,selector_development
2022-01-26,selector_development
2022-01-27,selector_development
2022-01-28,selector_development
2022-02-07,selector_development
2022-02-08,selector_development
2022-02-09,selector_development
2022-02-10,selector_development
2022-02-11,selector_development
2022-02-14,selector_development
2022-02-15,selector_development
2022-02-16,selector_development
2022-02-17,selector_development
2022-02-18,selector_development
2022-02-21,selector_development
2022-02-22,selector_development
2022-02-23,selector_development
2022-02-24,selector_development
2022-02-25,selector_development
2022-02-28,selector_development
2022-03-01,selector_development
2022-03-02,selector_development
2022-03-03,selector_development
2022-03-04,selector_development
2022-03-07,selector_development
2022-03-08,selector_development
2022-03-09,selector_development
2022-03-10,selector_development
2022-03-11,selector_development
2022-03-14,selector_development
2022-03-15,selector_development
2022-03-16,selector_development
2022-03-17,selector_development
2022-03-18,selector_development
2022-03-21,selector_development
2022-03-22,selector_development
2022-03-23,selector_development
2022-03-24,selector_development
2022-03-25,selector_development
2022-03-28,selector_development
2022-03-29,selector_development
2022-03-30,selector_development
2022-03-31,selector_development
2022-04-01,selector_development
2022-04-04,selector_development
2022-04-05,selector_development
2022-04-06,selector_development
2022-04-07,selector_development
2022-04-08,selector_development
2022-04-12,selector_development
2022-04-13,selector_development
2022-04-14,selector_development
2022-04-15,selector_development
2022-04-18,selector_development
2022-04-19,selector_development
2022-04-20,selector_development
2022-04-21,selector_development
2022-04-22,selector_development
2022-04-25,selector_development
2022-04-26,selector_development
2022-04-27,selector_development
2022-04-28,selector_development
2022-04-29,selector_development
2022-05-04,selector_development
2022-05-05,selector_development
2022-05-06,selector_development
2022-05-09,selector_development
2022-05-10,selector_development
2022-05-11,selector_development
2022-05-12,selector_development
2022-05-13,selector_development
2022-05-16,selector_development
2022-05-17,selector_development
2022-05-18,selector_development
2022-05-19,selector_development
2022-05-20,selector_development
2022-05-23,selector_development
2022-05-24,selector_development
2022-05-25,selector_development
2022-05-26,selector_development
2022-05-27,selector_development
2022-05-30,selector_development
2022-05-31,selector_development
2022-06-01,selector_development
2022-06-02,selector_development
2022-06-03,selector_development
2022-06-06,selector_development
2022-06-07,selector_development
2022-06-08,selector_development
2022-06-09,selector_development
2022-06-10,selector_development
2022-06-13,selector_development
2022-06-14,selector_development
2022-06-15,selector_development
2022-06-16,selector_development
2022-06-17,selector_development
2022-06-20,selector_development
2022-06-21,selector_development
2022-06-22,selector_development
2022-06-23,selector_development
2022-06-24,selector_development
2022-06-27,selector_development
2022-06-28,selector_development
2022-06-29,selector_development
2022-06-30,selector_development
2022-07-01,selector_development
2022-07-04,selector_development
2022-07-05,selector_development
2022-07-06,selector_development
2022-07-07,selector_development
2022-07-08,selector_development
2022-07-11,selector_development
2022-07-12,selector_development
2022-07-13,selector_development
2022-07-14,selector_development
2022-07-15,selector_development
2022-07-18,selector_development
2022-07-19,selector_development
2022-07-20,selector_development
2022-07-21,selector_development
2022-07-22,selector_development
2022-07-25,selector_development
2022-07-26,selector_development
2022-07-27,selector_development
2022-07-28,selector_development
2022-07-29,selector_development
2022-08-01,selector_development
2022-08-02,selector_development
2022-08-03,selector_development
2022-08-04,selector_development
2022-08-05,selector_development
2022-08-08,selector_development
2022-08-09,selector_development
2022-08-10,selector_development
2022-08-11,selector_development
2022-08-12,selector_development
2022-08-15,selector_development
2022-08-16,selector_development
2022-08-17,selector_development
2022-08-18,selector_development
2022-08-19,selector_development
2022-08-22,selector_development
2022-08-23,selector_development
2022-08-24,selector_development
2022-08-25,selector_development
2022-08-26,selector_development
2022-08-29,selector_development
2022-08-30,selector_development
2022-08-31,selector_development
2022-09-05,selector_development
2022-09-06,selector_development
2022-09-07,selector_development
2022-09-08,selector_development
2022-09-09,selector_development
2022-09-12,selector_development
2022-09-13,selector_development
2022-09-14,selector_development
2022-09-15,selector_development
2022-09-16,selector_development
2022-09-19,selector_development
2022-09-20,selector_development
2022-09-21,selector_development
2022-09-22,selector_development
2022-09-23,selector_development
2022-09-26,selector_development
2022-09-27,selector_development
2022-09-28,selector_development
2022-09-29,selector_development
2022-09-30,selector_development
2022-10-03,selector_development
2022-10-04,selector_development
2022-10-05,selector_development
2022-10-06,selector_development
2022-10-07,selector_development
2022-10-10,selector_development
2022-10-11,selector_development
2022-10-12,selector_development
2022-10-13,selector_development
2022-10-14,selector_development
2022-10-17,selector_development
2022-10-18,selector_development
2022-10-19,selector_development
2022-10-20,selector_development
2022-10-21,selector_development
2022-10-24,selector_development
2022-10-25,selector_development
2022-10-26,selector_development
2022-10-27,selector_development
2022-10-28,selector_development
2022-10-31,selector_development
2022-11-01,selector_development
2022-11-02,selector_development
2022-11-03,selector_development
2022-11-04,selector_development
2022-11-07,selector_development
2022-11-08,selector_development
2022-11-09,selector_development
2022-11-10,selector_development
2022-11-11,selector_development
2022-11-14,selector_development
2022-11-15,selector_development
2022-11-16,selector_development
2022-11-17,selector_development
2022-11-18,selector_development
2022-11-21,selector_development
2022-11-22,selector_development
2022-11-23,selector_development
2022-11-24,selector_development
2022-11-25,selector_development
2022-11-28,selector_development
2022-11-29,selector_development
2022-11-30,selector_development
2022-12-01,selector_development
2022-12-02,selector_development
2022-12-05,selector_development
2022-12-06,selector_development
2022-12-07,selector_development
2022-12-08,selector_development
2022-12-09,selector_development
2022-12-12,selector_development
2022-12-13,selector_development
2022-12-14,selector_development
2022-12-15,selector_development
2022-12-16,selector_development
2022-12-19,selector_development
2022-12-20,selector_development
2022-12-21,selector_development
2022-12-22,selector_development
2022-12-23,selector_development
2022-12-26,selector_development
2022-12-27,selector_development
2022-12-28,selector_development
2022-12-29,selector_development
2022-12-30,selector_development
2023-01-03,in_sample
2023-01-04,in_sample
2023-01-05,in_sample
2023-01-06,in_sample
2023-01-09,in_sample
2023-01-10,in_sample
2023-01-11,in_sample
2023-01-12,in_sample
2023-01-13,in_sample
2023-01-16,in_sample
2023-01-17,in_sample
2023-01-18,in_sample
2023-01-19,in_sample
2023-01-27,in_sample
2023-01-30,in_sample
2023-01-31,in_sample
2023-02-01,in_sample
2023-02-02,in_sample
2023-02-03,in_sample
2023-02-06,in_sample
2023-02-07,in_sample
2023-02-08,in_sample
2023-02-09,in_sample
2023-02-10,in_sample
2023-02-13,in_sample
2023-02-14,in_sample
2023-02-15,in_sample
2023-02-16,in_sample
2023-02-17,in_sample
2023-02-20,in_sample
2023-02-21,in_sample
2023-02-22,in_sample
2023-02-23,in_sample
2023-02-24,in_sample
2023-02-27,in_sample
2023-02-28,in_sample
2023-03-01,in_sample
2023-03-02,in_sample
2023-03-03,in_sample
2023-03-06,in_sample
2023-03-07,in_sample
2023-03-08,in_sample
2023-03-09,in_sample
2023-03-10,in_sample
2023-03-13,in_sample
2023-03-14,in_sample
2023-03-15,in_sample
2023-03-16,in_sample
2023-03-17,in_sample
2023-03-20,in_sample
2023-03-21,in_sample
2023-03-22,in_sample
2023-03-23,in_sample
2023-03-24,in_sample
2023-03-27,in_sample
2023-03-28,in_sample
2023-03-29,in_sample
2023-03-30,in_sample
2023-03-31,in_sample
2023-04-03,in_sample
2023-04-04,in_sample
2023-04-05,in_sample
2023-04-06,in_sample
2023-04-07,in_sample
2023-04-10,in_sample
2023-04-11,in_sample
2023-04-12,in_sample
2023-04-13,in_sample
2023-04-14,in_sample
2023-04-17,in_sample
2023-04-18,in_sample
2023-04-19,in_sample
2023-04-20,in_sample
2023-04-21,in_sample
2023-04-24,in_sample
2023-04-25,in_sample
2023-04-26,in_sample
2023-04-27,in_sample
2023-04-28,in_sample
2023-05-04,in_sample
2023-05-05,in_sample
2023-05-08,in_sample
2023-05-09,in_sample
2023-05-10,in_sample
2023-05-11,in_sample
2023-05-12,in_sample
2023-05-15,in_sample
2023-05-16,in_sample
2023-05-17,in_sample
2023-05-18,in_sample
2023-05-19,in_sample
2023-05-22,in_sample
2023-05-23,in_sample
2023-05-24,in_sample
2023-05-25,in_sample
2023-05-26,in_sample
2023-05-29,in_sample
2023-05-30,in_sample
2023-05-31,in_sample
2023-06-01,in_sample
2023-06-02,in_sample
2023-06-05,in_sample
2023-06-06,in_sample
2023-06-07,in_sample
2023-06-08,in_sample
2023-06-09,in_sample
2023-06-12,in_sample
2023-06-13,in_sample
2023-06-14,in_sample
2023-06-15,in_sample
2023-06-16,in_sample
2023-06-19,in_sample
2023-06-20,in_sample
2023-06-21,in_sample
2023-06-22,in_sample
2023-06-23,in_sample
2023-06-26,in_sample
2023-06-27,in_sample
2023-06-28,in_sample
2023-06-29,in_sample
2023-06-30,in_sample
2023-07-03,in_sample
2023-07-04,in_sample
2023-07-05,in_sample
2023-07-06,in_sample
2023-07-07,in_sample
2023-07-10,in_sample
2023-07-11,in_sample
2023-07-12,in_sample
2023-07-13,in_sample
2023-07-14,in_sample
2023-07-17,in_sample
2023-07-18,in_sample
2023-07-19,in_sample
2023-07-20,in_sample
2023-07-21,in_sample
2023-07-24,in_sample
2023-07-25,in_sample
2023-07-26,in_sample
2023-07-27,in_sample
2023-07-28,in_sample
2023-07-31,in_sample
2023-08-01,in_sample
2023-08-02,in_sample
2023-08-03,in_sample
2023-08-04,in_sample
2023-08-07,in_sample
2023-08-08,in_sample
2023-08-09,in_sample
2023-08-10,in_sample
2023-08-11,in_sample
2023-08-14,in_sample
2023-08-15,in_sample
2023-08-16,in_sample
2023-08-17,in_sample
2023-08-18,in_sample
2023-08-21,in_sample
2023-08-22,in_sample
2023-08-23,in_sample
2023-08-24,in_sample
2023-08-25,in_sample
2023-08-28,in_sample
2023-08-29,in_sample
2023-08-30,in_sample
2023-08-31,in_sample
2023-09-05,in_sample
2023-09-06,in_sample
2023-09-07,in_sample
2023-09-08,in_sample
2023-09-11,in_sample
2023-09-12,in_sample
2023-09-13,in_sample
2023-09-14,in_sample
2023-09-15,in_sample
2023-09-18,in_sample
2023-09-19,in_sample
2023-09-20,in_sample
2023-09-21,in_sample
2023-09-22,in_sample
2023-09-25,in_sample
2023-09-26,in_sample
2023-09-27,in_sample
2023-09-28,in_sample
2023-09-29,in_sample
2023-10-02,in_sample
2023-10-03,in_sample
2023-10-04,in_sample
2023-10-05,in_sample
2023-10-06,in_sample
2023-10-09,in_sample
2023-10-10,in_sample
2023-10-11,in_sample
2023-10-12,in_sample
2023-10-13,in_sample
2023-10-16,in_sample
2023-10-17,in_sample
2023-10-18,in_sample
2023-10-19,in_sample
2023-10-20,in_sample
2023-10-23,in_sample
2023-10-24,in_sample
2023-10-25,in_sample
2023-10-26,in_sample
2023-10-27,in_sample
2023-10-30,in_sample
2023-10-31,in_sample
2023-11-01,in_sample
2023-11-02,in_sample
2023-11-03,in_sample
2023-11-06,in_sample
2023-11-07,in_sample
2023-11-08,in_sample
2023-11-09,in_sample
2023-11-10,in_sample
2023-11-13,in_sample
2023-11-14,in_sample
2023-11-15,in_sample
2023-11-16,in_sample
2023-11-17,in_sample
2023-11-20,in_sample
2023-11-21,in_sample
2023-11-22,in_sample
2023-11-23,in_sample
2023-11-24,in_sample
2023-11-27,in_sample
2023-11-28,in_sample
2023-11-29,in_sample
2023-11-30,in_sample
2023-12-01,in_sample
2023-12-04,in_sample
2023-12-05,in_sample
2023-12-06,in_sample
2023-12-07,in_sample
2023-12-08,in_sample
2023-12-11,in_sample
2023-12-12,in_sample
2023-12-13,in_sample
2023-12-14,in_sample
2023-12-15,in_sample
2023-12-18,in_sample
2023-12-19,in_sample
2023-12-20,in_sample
2023-12-21,in_sample
2023-12-22,in_sample
2023-12-25,in_sample
2023-12-26,in_sample
2023-12-27,in_sample
2023-12-28,in_sample
2023-12-29,in_sample
2024-01-02,optimization
2024-01-03,optimization
2024-01-04,optimization
2024-01-05,optimization
2024-01-08,optimization
2024-01-09,optimization
2024-01-10,optimization
2024-01-11,optimization
2024-01-12,optimization
2024-01-15,optimization
2024-01-16,optimization
2024-01-17,optimization
2024-01-18,optimization
2024-01-19,optimization
2024-01-22,optimization
2024-01-23,optimization
2024-01-24,optimization
2024-01-25,optimization
2024-01-26,optimization
2024-01-29,optimization
2024-01-30,optimization
2024-01-31,optimization
2024-02-01,optimization
2024-02-02,optimization
2024-02-05,optimization
2024-02-06,optimization
2024-02-07,optimization
2024-02-15,optimization
2024-02-16,optimization
2024-02-19,optimization
2024-02-20,optimization
2024-02-21,optimization
2024-02-22,optimization
2024-02-23,optimization
2024-02-26,optimization
2024-02-27,optimization
2024-02-28,optimization
2024-02-29,optimization
2024-03-01,optimization
2024-03-04,optimization
2024-03-05,optimization
2024-03-06,optimization
2024-03-07,optimization
2024-03-08,optimization
2024-03-11,optimization
2024-03-12,optimization
2024-03-13,optimization
2024-03-14,optimization
2024-03-15,optimization
2024-03-18,optimization
2024-03-19,optimization
2024-03-20,optimization
2024-03-21,optimization
2024-03-22,optimization
2024-03-25,optimization
2024-03-26,optimization
2024-03-27,optimization
2024-03-28,optimization
2024-03-29,optimization
2024-04-01,optimization
2024-04-02,optimization
2024-04-03,optimization
2024-04-04,optimization
2024-04-05,optimization
2024-04-08,optimization
2024-04-09,optimization
2024-04-10,optimization
2024-04-11,optimization
2024-04-12,optimization
2024-04-15,optimization
2024-04-16,optimization
2024-04-17,optimization
2024-04-19,optimization
2024-04-22,optimization
2024-04-23,optimization
2024-04-24,optimization
2024-04-25,optimization
2024-04-26,optimization
2024-05-02,optimization
2024-05-03,optimization
2024-05-06,optimization
2024-05-07,optimization
2024-05-08,optimization
2024-05-09,optimization
2024-05-10,optimization
2024-05-13,optimization
2024-05-14,optimization
2024-05-15,optimization
2024-05-16,optimization
2024-05-17,optimization
2024-05-20,optimization
2024-05-21,optimization
2024-05-22,optimization
2024-05-23,optimization
2024-05-24,optimization
2024-05-27,optimization
2024-05-28,optimization
2024-05-29,optimization
2024-05-30,optimization
2024-05-31,optimization
2024-06-03,optimization
2024-06-04,optimization
2024-06-05,optimization
2024-06-06,optimization
2024-06-07,optimization
2024-06-10,optimization
2024-06-11,optimization
2024-06-12,optimization
2024-06-13,optimization
2024-06-14,optimization
2024-06-17,optimization
2024-06-18,optimization
2024-06-19,optimization
2024-06-20,optimization
2024-06-21,optimization
2024-06-24,optimization
2024-06-25,optimization
2024-06-26,optimization
2024-06-27,optimization
2024-06-28,optimization
2024-07-01,optimization
2024-07-02,optimization
2024-07-03,optimization
2024-07-04,optimization
2024-07-05,optimization
2024-07-08,optimization
2024-07-09,optimization
2024-07-10,optimization
2024-07-11,optimization
2024-07-12,optimization
2024-07-15,optimization
2024-07-16,optimization
2024-07-17,optimization
2024-07-18,optimization
2024-07-19,optimization
2024-07-22,optimization
2024-07-23,optimization
2024-07-24,optimization
2024-07-25,optimization
2024-07-26,optimization
2024-07-29,optimization
2024-07-30,optimization
2024-07-31,optimization
2024-08-01,optimization
2024-08-02,optimization
2024-08-05,optimization
2024-08-06,optimization
2024-08-07,optimization
2024-08-08,optimization
2024-08-09,optimization
2024-08-12,optimization
2024-08-13,optimization
2024-08-14,optimization
2024-08-15,optimization
2024-08-16,optimization
2024-08-19,optimization
2024-08-20,optimization
2024-08-21,optimization
2024-08-22,optimization
2024-08-23,optimization
2024-08-26,optimization
2024-08-27,optimization
2024-08-28,optimization
2024-08-29,optimization
2024-08-30,optimization
2024-09-04,optimization
2024-09-05,optimization
2024-09-06,optimization
2024-09-09,optimization
2024-09-10,optimization
2024-09-11,optimization
2024-09-12,optimization
2024-09-13,optimization
2024-09-16,optimization
2024-09-17,optimization
2024-09-18,optimization
2024-09-19,optimization
2024-09-20,optimization
2024-09-23,optimization
2024-09-24,optimization
2024-09-25,optimization
2024-09-26,optimization
2024-09-27,optimization
2024-09-30,optimization
2024-10-01,optimization
2024-10-02,optimization
2024-10-03,optimization
2024-10-04,optimization
2024-10-07,optimization
2024-10-08,optimization
2024-10-09,optimization
2024-10-10,optimization
2024-10-11,optimization
2024-10-14,optimization
2024-10-15,optimization
2024-10-16,optimization
2024-10-17,optimization
2024-10-18,optimization
2024-10-21,optimization
2024-10-22,optimization
2024-10-23,optimization
2024-10-24,optimization
2024-10-25,optimization
2024-10-28,optimization
2024-10-29,optimization
2024-10-30,optimization
2024-10-31,optimization
2024-11-01,optimization
2024-11-04,optimization
2024-11-05,optimization
2024-11-06,optimization
2024-11-07,optimization
2024-11-08,optimization
2024-11-11,optimization
2024-11-12,optimization
2024-11-13,optimization
2024-11-14,optimization
2024-11-15,optimization
2024-11-18,optimization
2024-11-19,optimization
2024-11-20,optimization
2024-11-21,optimization
2024-11-22,optimization
2024-11-25,optimization
2024-11-26,optimization
2024-11-27,optimization
2024-11-28,optimization
2024-11-29,optimization
2024-12-02,optimization
2024-12-03,optimization
2024-12-04,optimization
2024-12-05,optimization
2024-12-06,optimization
2024-12-09,optimization
2024-12-10,optimization
2024-12-11,optimization
2024-12-12,optimization
2024-12-13,optimization
2024-12-16,optimization
2024-12-17,optimization
2024-12-18,optimization
2024-12-19,optimization
2024-12-20,optimization
2024-12-23,optimization
2024-12-24,optimization
2024-12-25,optimization
2024-12-26,optimization
2024-12-27,optimization
2024-12-30,optimization
2024-12-31,optimization
2025-01-02,out_of_sample
2025-01-03,out_of_sample
2025-01-06,out_of_sample
2025-01-07,out_of_sample
2025-01-08,out_of_sample
2025-01-09,out_of_sample
2025-01-10,out_of_sample
2025-01-13,out_of_sample
2025-01-14,out_of_sample
2025-01-15,out_of_sample
2025-01-16,out_of_sample
2025-01-17,out_of_sample
2025-01-20,out_of_sample
2025-01-21,out_of_sample
2025-01-22,out_of_sample
2025-01-23,out_of_sample
2025-01-24,out_of_sample
2025-02-03,out_of_sample
2025-02-04,out_of_sample
2025-02-05,out_of_sample
2025-02-06,out_of_sample
2025-02-07,out_of_sample
2025-02-10,out_of_sample
2025-02-11,out_of_sample
2025-02-12,out_of_sample
2025-02-13,out_of_sample
2025-02-14,out_of_sample
2025-02-17,out_of_sample
2025-02-18,out_of_sample
2025-02-19,out_of_sample
2025-02-20,out_of_sample
2025-02-21,out_of_sample
2025-02-24,out_of_sample
2025-02-25,out_of_sample
2025-02-26,out_of_sample
2025-02-27,out_of_sample
2025-02-28,out_of_sample
2025-03-03,out_of_sample
2025-03-04,out_of_sample
2025-03-05,out_of_sample
2025-03-06,out_of_sample
2025-03-07,out_of_sample
2025-03-10,out_of_sample
2025-03-11,out_of_sample
2025-03-12,out_of_sample
2025-03-13,out_of_sample
2025-03-14,out_of_sample
2025-03-17,out_of_sample
2025-03-18,out_of_sample
2025-03-19,out_of_sample
2025-03-20,out_of_sample
2025-03-21,out_of_sample
2025-03-24,out_of_sample
2025-03-25,out_of_sample
2025-03-26,out_of_sample
2025-03-27,out_of_sample
2025-03-28,out_of_sample
2025-03-31,out_of_sample
2025-04-01,out_of_sample
2025-04-02,out_of_sample
2025-04-03,out_of_sample
2025-04-04,out_of_sample
2025-04-08,out_of_sample
2025-04-09,out_of_sample
2025-04-10,out_of_sample
2025-04-11,out_of_sample
2025-04-14,out_of_sample
2025-04-15,out_of_sample
2025-04-16,out_of_sample
2025-04-17,out_of_sample
2025-04-18,out_of_sample
2025-04-21,out_of_sample
2025-04-22,out_of_sample
2025-04-23,out_of_sample
2025-04-24,out_of_sample
2025-04-25,out_of_sample
2025-04-28,out_of_sample
2025-04-29,out_of_sample
2025-05-05,out_of_sample
2025-05-06,out_of_sample
2025-05-07,out_of_sample
2025-05-08,out_of_sample
2025-05-09,out_of_sample
2025-05-12,out_of_sample
2025-05-13,out_of_sample
2025-05-14,out_of_sample
2025-05-15,out_of_sample
2025-05-16,out_of_sample
2025-05-19,out_of_sample
2025-05-20,out_of_sample
2025-05-21,out_of_sample
2025-05-22,out_of_sample
2025-05-23,out_of_sample
2025-05-26,out_of_sample
2025-05-27,out_of_sample
2025-05-28,out_of_sample
2025-05-29,out_of_sample
2025-05-30,out_of_sample
2025-06-02,out_of_sample
2025-06-03,out_of_sample
2025-06-04,out_of_sample
2025-06-05,out_of_sample
2025-06-06,out_of_sample
2025-06-09,out_of_sample
2025-06-10,out_of_sample
2025-06-11,out_of_sample
2025-06-12,out_of_sample
2025-06-13,out_of_sample
2025-06-16,out_of_sample
2025-06-17,out_of_sample
2025-06-18,out_of_sample
2025-06-19,out_of_sample
2025-06-20,out_of_sample
2025-06-23,out_of_sample
2025-06-24,out_of_sample
2025-06-25,out_of_sample
2025-06-26,out_of_sample
2025-06-27,out_of_sample
2025-06-30,out_of_sample
2025-07-01,unused_buffer
2025-07-02,unused_buffer
2025-07-03,unused_buffer
2025-07-04,unused_buffer
2025-07-07,unused_buffer
2025-07-08,unused_buffer
2025-07-09,unused_buffer
2025-07-10,unused_buffer
2025-07-11,unused_buffer
2025-07-14,locked_final_test
2025-07-15,locked_final_test
2025-07-16,locked_final_test
2025-07-17,locked_final_test
2025-07-18,locked_final_test
2025-07-21,locked_final_test
2025-07-22,locked_final_test
2025-07-23,locked_final_test
2025-07-24,locked_final_test
2025-07-25,locked_final_test
2025-07-28,locked_final_test
2025-07-29,locked_final_test
2025-07-30,locked_final_test
2025-07-31,locked_final_test
2025-08-01,locked_final_test
2025-08-04,locked_final_test
2025-08-05,locked_final_test
2025-08-06,locked_final_test
2025-08-07,locked_final_test
2025-08-08,locked_final_test
2025-08-11,locked_final_test
2025-08-12,locked_final_test
2025-08-13,locked_final_test
2025-08-14,locked_final_test
2025-08-15,locked_final_test
2025-08-18,locked_final_test
2025-08-19,locked_final_test
2025-08-20,locked_final_test
2025-08-21,locked_final_test
2025-08-22,locked_final_test
2025-08-25,locked_final_test
2025-08-26,locked_final_test
2025-08-27,locked_final_test
2025-08-28,locked_final_test
2025-08-29,locked_final_test
2025-09-03,locked_final_test
2025-09-04,locked_final_test
2025-09-05,locked_final_test
2025-09-08,locked_final_test
2025-09-09,locked_final_test
2025-09-10,locked_final_test
2025-09-11,locked_final_test
2025-09-12,locked_final_test
2025-09-15,locked_final_test
2025-09-16,locked_final_test
2025-09-17,locked_final_test
2025-09-18,locked_final_test
2025-09-19,locked_final_test
2025-09-22,locked_final_test
2025-09-23,locked_final_test
2025-09-24,locked_final_test
2025-09-25,locked_final_test
2025-09-26,locked_final_test
2025-09-29,locked_final_test
2025-09-30,locked_final_test
2025-10-01,locked_final_test
2025-10-02,locked_final_test
2025-10-03,locked_final_test
2025-10-06,locked_final_test
2025-10-07,locked_final_test
2025-10-08,locked_final_test
2025-10-09,locked_final_test
2025-10-10,locked_final_test
2025-10-13,locked_final_test
2025-10-14,locked_final_test
2025-10-15,locked_final_test
2025-10-16,locked_final_test
2025-10-17,locked_final_test
2025-10-20,locked_final_test
2025-10-21,locked_final_test
2025-10-22,locked_final_test
2025-10-23,locked_final_test
2025-10-24,locked_final_test
2025-10-27,locked_final_test
2025-10-28,locked_final_test
2025-10-29,locked_final_test
2025-10-30,locked_final_test
2025-10-31,locked_final_test
2025-11-03,locked_final_test
2025-11-04,locked_final_test
2025-11-05,locked_final_test
2025-11-06,locked_final_test
2025-11-07,locked_final_test
2025-11-10,locked_final_test
2025-11-11,locked_final_test
2025-11-12,locked_final_test
2025-11-13,locked_final_test
2025-11-14,locked_final_test
2025-11-17,locked_final_test
2025-11-18,locked_final_test
2025-11-19,locked_final_test
2025-11-20,locked_final_test
2025-11-21,locked_final_test
2025-11-24,locked_final_test
2025-11-25,locked_final_test
2025-11-26,locked_final_test
2025-11-27,locked_final_test
2025-11-28,locked_final_test
2025-12-01,locked_final_test
2025-12-02,locked_final_test
2025-12-03,locked_final_test
2025-12-04,locked_final_test
2025-12-05,locked_final_test
2025-12-08,locked_final_test
2025-12-09,locked_final_test
2025-12-10,locked_final_test
2025-12-11,locked_final_test
2025-12-12,locked_final_test
2025-12-15,locked_final_test
2025-12-16,locked_final_test
2025-12-17,locked_final_test
2025-12-18,locked_final_test
2025-12-19,locked_final_test
2025-12-22,locked_final_test
2025-12-23,locked_final_test
2025-12-24,locked_final_test
2025-12-25,locked_final_test
2025-12-26,locked_final_test
2025-12-29,locked_final_test
2025-12-30,locked_final_test
2025-12-31,locked_final_test
2026-01-05,locked_final_test
2026-01-06,locked_final_test
2026-01-07,locked_final_test
2026-01-08,locked_final_test
2026-01-09,locked_final_test
2026-01-12,locked_final_test
2026-01-13,locked_final_test
2026-01-14,locked_final_test
2026-01-15,locked_final_test
2026-01-16,locked_final_test
2026-01-19,locked_final_test
2026-01-20,locked_final_test
2026-01-21,locked_final_test
2026-01-22,locked_final_test
2026-01-23,locked_final_test
2026-01-26,locked_final_test
2026-01-27,locked_final_test
2026-01-28,locked_final_test
2026-01-29,locked_final_test
2026-01-30,locked_final_test
2026-02-02,locked_final_test
2026-02-03,locked_final_test
2026-02-04,locked_final_test
2026-02-05,locked_final_test
2026-02-06,locked_final_test
2026-02-09,locked_final_test
2026-02-10,locked_final_test
2026-02-11,locked_final_test
2026-02-12,locked_final_test
2026-02-13,locked_final_test
2026-02-23,locked_final_test
2026-02-24,locked_final_test
2026-02-25,locked_final_test
2026-02-26,locked_final_test
2026-02-27,locked_final_test
2026-03-02,locked_final_test
2026-03-03,locked_final_test
2026-03-04,locked_final_test
2026-03-05,locked_final_test
2026-03-06,locked_final_test
2026-03-09,locked_final_test
2026-03-10,locked_final_test
2026-03-11,locked_final_test
2026-03-12,locked_final_test
2026-03-13,locked_final_test
2026-03-16,locked_final_test
2026-03-17,locked_final_test
2026-03-18,locked_final_test
2026-03-19,locked_final_test
2026-03-20,locked_final_test
2026-03-23,locked_final_test
2026-03-24,locked_final_test
2026-03-25,locked_final_test
2026-03-26,locked_final_test
2026-03-27,locked_final_test
2026-03-30,locked_final_test
2026-03-31,locked_final_test
2026-04-01,locked_final_test
2026-04-02,locked_final_test
2026-04-03,locked_final_test
2026-04-06,locked_final_test
2026-04-07,locked_final_test
2026-04-08,locked_final_test
2026-04-09,locked_final_test
2026-04-10,locked_final_test
2026-04-13,locked_final_test
2026-04-14,locked_final_test
2026-04-15,locked_final_test
2026-04-16,locked_final_test
2026-04-17,locked_final_test
2026-04-20,locked_final_test
2026-04-21,locked_final_test
2026-04-22,locked_final_test
2026-04-23,locked_final_test
2026-04-24,locked_final_test
2026-04-28,locked_final_test
2026-04-29,locked_final_test
2026-05-04,locked_final_test
2026-05-05,locked_final_test
2026-05-06,locked_final_test
2026-05-07,locked_final_test
2026-05-08,locked_final_test
2026-05-11,locked_final_test
2026-05-12,locked_final_test
2026-05-13,locked_final_test
2026-05-14,locked_final_test
2026-05-15,locked_final_test
2026-05-18,locked_final_test
2026-05-19,locked_final_test
2026-05-20,locked_final_test
2026-05-21,locked_final_test
2026-05-22,locked_final_test
2026-05-25,locked_final_test
2026-05-26,locked_final_test
2026-05-27,locked_final_test
2026-05-28,locked_final_test
2026-05-29,locked_final_test
2026-06-01,locked_final_test
2026-06-02,locked_final_test
2026-06-03,locked_final_test
2026-06-04,locked_final_test
2026-06-05,locked_final_test
2026-06-08,locked_final_test
2026-06-09,locked_final_test
2026-06-10,locked_final_test
2026-06-11,locked_final_test
2026-06-12,locked_final_test
2026-06-15,locked_final_test
2026-06-16,locked_final_test
2026-06-17,locked_final_test
2026-06-18,locked_final_test
2026-06-19,locked_final_test
2026-06-22,locked_final_test
2026-06-23,locked_final_test
2026-06-24,locked_final_test
2026-06-25,locked_final_test
2026-06-26,locked_final_test
2026-06-29,locked_final_test
2026-06-30,locked_final_test
2026-07-01,locked_final_test
2026-07-02,locked_final_test
2026-07-03,locked_final_test
2026-07-06,locked_final_test
2026-07-07,locked_final_test
2026-07-08,locked_final_test
2026-07-09,locked_final_test
2026-07-10,locked_final_test
2026-07-13,locked_final_test
2026-07-14,locked_final_test
2026-07-15,locked_final_test
2026-07-16,locked_final_test
