rank,eligible,parameter_json,ridge_penalty,risk_penalty,score_buffer,top_k,selected_campaigns,selected_pnl_vnd,control_pnl_vnd,incremental_pnl_vnd,median_pnl_vnd,profit_factor,double_cost_pnl_vnd,best_removed_pnl_vnd,positive_active_fold_fraction,maximum_ticker_positive_fraction,entry_years,maximum_year_fraction,score_quintile_spread
,False,"{""ridge_penalty"":10,""risk_penalty"":0.0,""score_buffer"":0.0,""top_k"":1}",10,0.0,0.0,1,23,-1297888,-256518,-1041370,-50043,0.35847840485581817,-1984634,-1493144,0.375,0.2692250417785818,2,0.6956521739130435,0.0032279444530451005
,False,"{""ridge_penalty"":10,""risk_penalty"":0.0,""score_buffer"":0.0,""top_k"":2}",10,0.0,0.0,2,24,-1165679,-256518,-909161,-42360.0,0.4238268236503653,-1869916,-1461386,0.375,0.3448634981649311,2,0.7083333333333334,0.0032279444530451005
,False,"{""ridge_penalty"":10,""risk_penalty"":0.0,""score_buffer"":0.0,""top_k"":3}",10,0.0,0.0,3,25,-1306669,-256518,-1050151,-34677,0.35413812192927824,-2011795,-1420674,0.25,0.37688894595873385,2,0.72,0.0032279444530451005
,False,"{""ridge_penalty"":10,""risk_penalty"":0.0,""score_buffer"":0.001,""top_k"":1}",10,0.0,0.001,1,19,-743454,-256518,-486936,-34677,0.4552895862655611,-1331491,-938710,0.3333333333333333,0.31421596473808633,2,0.7894736842105263,0.0032279444530451005
,False,"{""ridge_penalty"":10,""risk_penalty"":0.0,""score_buffer"":0.001,""top_k"":2}",10,0.0,0.001,2,20,-611245,-256518,-354727,-22862.0,0.5521558605601596,-1216773,-906952,0.3333333333333333,0.3923841850491497,2,0.8,0.0032279444530451005
,False,"{""ridge_penalty"":10,""risk_penalty"":0.0,""score_buffer"":0.001,""top_k"":3}",10,0.0,0.001,3,21,-752235,-256518,-495717,-11047,0.4488559640871854,-1358652,-866240,0.3333333333333333,0.4407746324837666,2,0.8095238095238095,0.0032279444530451005
,False,"{""ridge_penalty"":10,""risk_penalty"":0.25,""score_buffer"":0.0,""top_k"":1}",10,0.25,0.0,1,15,-727459,-256518,-470941,-34677,0.3694064718579069,-1184529,-842695,0.4,0.39305316660057116,2,0.8,0.004696135894466151
,False,"{""ridge_penalty"":10,""risk_penalty"":0.25,""score_buffer"":0.0,""top_k"":2}",10,0.25,0.0,2,16,-456489,-256518,-199971,-17246.5,0.604295212420142,-977376,-752196,0.4,0.42418317623482865,2,0.8125,0.004696135894466151
,False,"{""ridge_penalty"":10,""risk_penalty"":0.25,""score_buffer"":0.0,""top_k"":3}",10,0.25,0.0,3,16,-700009,-256518,-443491,-17246.5,0.393201341874637,-1174325,-814014,0.4,0.36926726352014216,2,0.8125,0.004696135894466151
,False,"{""ridge_penalty"":10,""risk_penalty"":0.25,""score_buffer"":0.001,""top_k"":1}",10,0.25,0.001,1,10,-249494,-256518,7024,-34028.5,0.5226676156147883,-573827,-364730,0.3333333333333333,0.4224898422343424,2,0.8,0.004696135894466151
,False,"{""ridge_penalty"":10,""risk_penalty"":0.25,""score_buffer"":0.001,""top_k"":2}",10,0.25,0.001,2,11,21476,-256518,277994,184,1.0410879231045909,-366674,-274231,0.6666666666666666,0.5434192149367832,2,0.8181818181818182,0.004696135894466151
,False,"{""ridge_penalty"":10,""risk_penalty"":0.25,""score_buffer"":0.001,""top_k"":3}",10,0.25,0.001,3,11,-222044,-256518,34474,184,0.5751850066196784,-563623,-312543,0.3333333333333333,0.5204297498669505,2,0.8181818181818182,0.004696135894466151
,False,"{""ridge_penalty"":10,""risk_penalty"":0.5,""score_buffer"":0.0,""top_k"":1}",10,0.5,0.0,1,10,-389045,-256518,-132527,-71541.0,0.4123640021690172,-712928,-504281,0.0,0.42210061317333686,2,0.8,0.004493995572348922
,False,"{""ridge_penalty"":10,""risk_penalty"":0.5,""score_buffer"":0.0,""top_k"":2}",10,0.5,0.0,2,11,-118075,-256518,138443,-68241,0.8216527125553772,-505775,-413782,0.3333333333333333,0.5436030266041149,2,0.8181818181818182,0.004493995572348922
,False,"{""ridge_penalty"":10,""risk_penalty"":0.5,""score_buffer"":0.0,""top_k"":3}",10,0.5,0.0,3,11,-361595,-256518,-105077,-68241,0.45382606475936144,-702724,-452094,0.0,0.5207484623372474,2,0.8181818181818182,0.004493995572348922
,False,"{""ridge_penalty"":10,""risk_penalty"":0.5,""score_buffer"":0.001,""top_k"":1}",10,0.5,0.001,1,10,-693885,-256518,-437367,-86479.5,0.220270703052573,-1017601,-809121,0.0,0.5878787878787879,2,0.8,0.004493995572348922
,False,"{""ridge_penalty"":10,""risk_penalty"":0.5,""score_buffer"":0.001,""top_k"":2}",10,0.5,0.001,2,11,-422915,-256518,-166397,-74841,0.5247638792904861,-810448,-718622,0.0,0.6332191267478962,2,0.8181818181818182,0.004493995572348922
,False,"{""ridge_penalty"":10,""risk_penalty"":0.5,""score_buffer"":0.001,""top_k"":3}",10,0.5,0.001,3,11,-666435,-256518,-409917,-74841,0.2511166922311932,-1007397,-756934,0.0,0.4049715845527364,2,0.8181818181818182,0.004493995572348922
,False,"{""ridge_penalty"":100,""risk_penalty"":0.0,""score_buffer"":0.0,""top_k"":1}",100,0.0,0.0,1,17,-737569,-256518,-481051,-34677,0.4602076707011301,-1275023,-932825,0.4,0.3105092831868962,2,0.8235294117647058,0.002561101098509261
,False,"{""ridge_penalty"":100,""risk_penalty"":0.0,""score_buffer"":0.0,""top_k"":2}",100,0.0,0.0,2,19,-616407,-256518,-359889,-17598,0.5524984373196383,-1202393,-912114,0.4,0.38855951245279446,2,0.8421052631578947,0.002561101098509261
,False,"{""ridge_penalty"":100,""risk_penalty"":0.0,""score_buffer"":0.0,""top_k"":3}",100,0.0,0.0,3,20,-757397,-256518,-500879,-14322.5,0.45014196615317825,-1344272,-871402,0.4,0.4355013515169891,2,0.85,0.002561101098509261
,False,"{""ridge_penalty"":100,""risk_penalty"":0.0,""score_buffer"":0.001,""top_k"":1}",100,0.0,0.001,1,15,-700895,-256518,-444377,-34677,0.45385344248550274,-1211686,-896151,0.25,0.33523163321893173,2,0.8,0.002561101098509261
,False,"{""ridge_penalty"":100,""risk_penalty"":0.0,""score_buffer"":0.001,""top_k"":2}",100,0.0,0.001,2,16,-568686,-256518,-312168,-17246.5,0.5568724256747596,-1096968,-864393,0.25,0.41377298295693055,2,0.8125,0.002561101098509261
,False,"{""ridge_penalty"":100,""risk_penalty"":0.0,""score_buffer"":0.001,""top_k"":3}",100,0.0,0.001,3,16,-812206,-256518,-555688,-17246.5,0.36711845441525515,-1293917,-926211,0.25,0.45200365071953136,2,0.8125,0.002561101098509261
,False,"{""ridge_penalty"":100,""risk_penalty"":0.25,""score_buffer"":0.0,""top_k"":1}",100,0.25,0.0,1,12,-299902,-256518,-43384,-17246.5,0.5635230542412498,-679628,-415138,0.3333333333333333,0.43259856144836584,2,0.8333333333333334,0.004453211401137459
,False,"{""ridge_penalty"":100,""risk_penalty"":0.25,""score_buffer"":0.0,""top_k"":2}",100,0.25,0.0,2,13,-28932,-256518,227586,184,0.9578924082043729,-472475,-324639,0.3333333333333333,0.4492900716385709,2,0.8461538461538461,0.004453211401137459
,False,"{""ridge_penalty"":100,""risk_penalty"":0.25,""score_buffer"":0.0,""top_k"":3}",100,0.25,0.0,3,13,-272452,-256518,-15934,184,0.6034737453372668,-669424,-386457,0.3333333333333333,0.4039600139878691,2,0.8461538461538461,0.004453211401137459
,False,"{""ridge_penalty"":100,""risk_penalty"":0.25,""score_buffer"":0.001,""top_k"":1}",100,0.25,0.001,1,9,-330619,-256518,-74101,-74841,0.4522774901635949,-615883,-445855,0.0,0.42210061317333686,2,0.8888888888888888,0.004453211401137459
,False,"{""ridge_penalty"":100,""risk_penalty"":0.25,""score_buffer"":0.001,""top_k"":2}",100,0.25,0.001,2,10,-59649,-256518,196869,-18708.0,0.9011820252640298,-408730,-355356,0.3333333333333333,0.5436030266041149,2,0.9,0.004453211401137459
,False,"{""ridge_penalty"":100,""risk_penalty"":0.25,""score_buffer"":0.001,""top_k"":3}",100,0.25,0.001,3,10,-303169,-256518,-46651,-18708.0,0.4977527438393042,-605679,-393668,0.0,0.5207484623372474,2,0.9,0.004453211401137459
,False,"{""ridge_penalty"":100,""risk_penalty"":0.5,""score_buffer"":0.0,""top_k"":1}",100,0.5,0.0,1,9,-330619,-256518,-74101,-74841,0.4522774901635949,-615883,-445855,0.0,0.42210061317333686,2,0.8888888888888888,0.005232224489916448
,False,"{""ridge_penalty"":100,""risk_penalty"":0.5,""score_buffer"":0.0,""top_k"":2}",100,0.5,0.0,2,10,-59649,-256518,196869,-18708.0,0.9011820252640298,-408730,-355356,0.3333333333333333,0.5436030266041149,2,0.9,0.005232224489916448
,False,"{""ridge_penalty"":100,""risk_penalty"":0.5,""score_buffer"":0.0,""top_k"":3}",100,0.5,0.0,3,10,-303169,-256518,-46651,-18708.0,0.4977527438393042,-605679,-393668,0.0,0.5207484623372474,2,0.9,0.005232224489916448
,False,"{""ridge_penalty"":100,""risk_penalty"":0.5,""score_buffer"":0.001,""top_k"":1}",100,0.5,0.001,1,6,-181447,-256518,75071,-23776.0,0.5193036742284756,-397448,-296683,0.0,0.5878787878787879,1,1.0,0.005232224489916448
,False,"{""ridge_penalty"":100,""risk_penalty"":0.5,""score_buffer"":0.001,""top_k"":2}",100,0.5,0.001,2,8,11395,-256518,267913,-23776.0,1.025011249025999,-286648,-284312,1.0,0.6332191267478962,1,1.0,0.005232224489916448
,False,"{""ridge_penalty"":100,""risk_penalty"":0.5,""score_buffer"":0.001,""top_k"":3}",100,0.5,0.001,3,8,-232125,-256518,24393,-23776.0,0.4905014321930662,-483597,-322624,0.0,0.4049715845527364,1,1.0,0.005232224489916448
,False,"{""ridge_penalty"":1000,""risk_penalty"":0.0,""score_buffer"":0.0,""top_k"":1}",1000,0.0,0.0,1,11,-27866,-256518,228652,-5256,0.9328331047515288,-350666,-143102,0.5,0.43280423553852476,1,1.0,0.004737992840802663
,False,"{""ridge_penalty"":1000,""risk_penalty"":0.0,""score_buffer"":0.0,""top_k"":2}",1000,0.0,0.0,2,11,-37320,-256518,219198,2352,0.9071517069457091,-359175,-151325,0.5,0.4593748114506371,1,1.0,0.004737992840802663
,False,"{""ridge_penalty"":1000,""risk_penalty"":0.0,""score_buffer"":0.0,""top_k"":3}",1000,0.0,0.0,3,11,12515,-256518,269033,37425,1.0311360232469038,-309604,-101490,0.5,0.40413935207413965,1,1.0,0.004737992840802663
,False,"{""ridge_penalty"":1000,""risk_penalty"":0.0,""score_buffer"":0.001,""top_k"":1}",1000,0.0,0.001,1,8,9544,-256518,266062,45460.0,1.0252843294910547,-270758,-105692,1.0,0.43280423553852476,1,1.0,0.004737992840802663
,False,"{""ridge_penalty"":1000,""risk_penalty"":0.0,""score_buffer"":0.001,""top_k"":2}",1000,0.0,0.001,2,9,-12841,-256518,243677,37425,0.9659811321254573,-310125,-126846,0.0,0.4593748114506371,1,1.0,0.004737992840802663
,False,"{""ridge_penalty"":1000,""risk_penalty"":0.0,""score_buffer"":0.001,""top_k"":3}",1000,0.0,0.001,3,9,36994,-256518,293512,52187,1.0980059183981645,-260554,-77011,1.0,0.40413935207413965,1,1.0,0.004737992840802663
,False,"{""ridge_penalty"":1000,""risk_penalty"":0.25,""score_buffer"":0.0,""top_k"":1}",1000,0.25,0.0,1,7,-67442,-256518,189076,27289,0.8213300765364919,-329428,-182678,0.0,0.5402790097572776,1,1.0,0.005718185623225281
,False,"{""ridge_penalty"":1000,""risk_penalty"":0.25,""score_buffer"":0.0,""top_k"":2}",1000,0.25,0.0,2,8,-170307,-256518,86211,-23776.0,0.6261877325255983,-450055,-284312,0.0,0.5871259919800342,1,1.0,0.005718185623225281
,False,"{""ridge_penalty"":1000,""risk_penalty"":0.25,""score_buffer"":0.0,""top_k"":3}",1000,0.25,0.0,3,9,-118120,-256518,138398,27289,0.7407346437076789,-415577,-232125,0.0,0.4963330617082747,1,1.0,0.005718185623225281
,False,"{""ridge_penalty"":1000,""risk_penalty"":0.25,""score_buffer"":0.001,""top_k"":1}",1000,0.25,0.001,1,5,-208736,-256518,47782,-74841,0.44700861267342573,-407231,-323972,0.0,0.6829568958875369,1,1.0,0.005718185623225281
,False,"{""ridge_penalty"":1000,""risk_penalty"":0.25,""score_buffer"":0.001,""top_k"":2}",1000,0.25,0.001,2,6,-311601,-256518,-55083,-76484.5,0.3160570243308201,-527858,-402100,0.0,0.6284914649221496,1,1.0,0.005718185623225281
,False,"{""ridge_penalty"":1000,""risk_penalty"":0.25,""score_buffer"":0.001,""top_k"":3}",1000,0.25,0.001,3,6,-311601,-256518,-55083,-76484.5,0.3160570243308201,-527858,-402100,0.0,0.6284914649221496,1,1.0,0.005718185623225281
,False,"{""ridge_penalty"":1000,""risk_penalty"":0.5,""score_buffer"":0.0,""top_k"":1}",1000,0.5,0.0,1,4,-323972,-256518,-67454,-99588.5,0.14172099812698857,-507607,-377467,0.0,1.0,1,1.0,0.005216156904524252
,False,"{""ridge_penalty"":1000,""risk_penalty"":0.5,""score_buffer"":0.0,""top_k"":2}",1000,0.5,0.0,2,5,-233473,-256518,23045,-74841,0.3814744070342573,-431505,-323972,0.0,0.6284914649221496,1,1.0,0.005216156904524252
,False,"{""ridge_penalty"":1000,""risk_penalty"":0.5,""score_buffer"":0.0,""top_k"":3}",1000,0.5,0.0,3,5,-233473,-256518,23045,-74841,0.3814744070342573,-431505,-323972,0.0,0.6284914649221496,1,1.0,0.005216156904524252
,False,"{""ridge_penalty"":1000,""risk_penalty"":0.5,""score_buffer"":0.001,""top_k"":1}",1000,0.5,0.001,1,4,-303382,-256518,-46864,-81278.0,0.1857943002219473,-486526,-356877,0.0,1.0,1,1.0,0.005216156904524252
,False,"{""ridge_penalty"":1000,""risk_penalty"":0.5,""score_buffer"":0.001,""top_k"":2}",1000,0.5,0.001,2,5,-212883,-256518,43635,15734,0.4286722614200869,-410424,-303382,0.0,0.5665819392968046,1,1.0,0.005216156904524252
,False,"{""ridge_penalty"":1000,""risk_penalty"":0.5,""score_buffer"":0.001,""top_k"":3}",1000,0.5,0.001,3,5,-212883,-256518,43635,15734,0.4286722614200869,-410424,-303382,0.0,0.5665819392968046,1,1.0,0.005216156904524252
