trial_id,fold_id,trading_date,tickersymbol,available_cash_vnd,pending_cash_vnd,inventory_liquidation_value_vnd,account_equity_vnd,total_quantity,tradeable_quantity,locked_quantity,shutdown,shutdown_reason
TRIAL5-HSX-ROTATION-LONG-GRID,wf_03,2023-05-04,VPB,50000000,0,0,50000000,0,0,0,false,
TRIAL5-HSX-ROTATION-LONG-GRID,wf_03,2023-05-05,VPB,50000000,0,0,50000000,0,0,0,false,
TRIAL5-HSX-ROTATION-LONG-GRID,wf_03,2023-05-08,VPB,50000000,0,0,50000000,0,0,0,false,
TRIAL5-HSX-ROTATION-LONG-GRID,wf_03,2023-05-09,VPB,50000000,0,0,50000000,0,0,0,false,
TRIAL5-HSX-ROTATION-LONG-GRID,wf_03,2023-05-10,VPB,50000000,0,0,50000000,0,0,0,false,
TRIAL5-HSX-ROTATION-LONG-GRID,wf_03,2023-05-11,VPB,50000000,0,0,50000000,0,0,0,false,
TRIAL5-HSX-ROTATION-LONG-GRID,wf_03,2023-05-12,VPB,50000000,0,0,50000000,0,0,0,false,
TRIAL5-HSX-ROTATION-LONG-GRID,wf_03,2023-05-15,VPB,50000000,0,0,50000000,0,0,0,false,
TRIAL5-HSX-ROTATION-LONG-GRID,wf_03,2023-05-16,VPB,50000000,0,0,50000000,0,0,0,false,
TRIAL5-HSX-ROTATION-LONG-GRID,wf_03,2023-05-17,VPB,50000000,0,0,50000000,0,0,0,false,
TRIAL5-HSX-ROTATION-LONG-GRID,wf_03,2023-05-18,VPB,50000000,0,0,50000000,0,0,0,false,
TRIAL5-HSX-ROTATION-LONG-GRID,wf_03,2023-05-19,VPB,50000000,0,0,50000000,0,0,0,false,
TRIAL5-HSX-ROTATION-LONG-GRID,wf_03,2023-05-22,VPB,50000000,0,0,50000000,0,0,0,false,
TRIAL5-HSX-ROTATION-LONG-GRID,wf_03,2023-05-23,VPB,50000000,0,0,50000000,0,0,0,false,
TRIAL5-HSX-ROTATION-LONG-GRID,wf_03,2023-05-24,VPB,50000000,0,0,50000000,0,0,0,false,
TRIAL5-HSX-ROTATION-LONG-GRID,wf_03,2023-05-25,VPB,50000000,0,0,50000000,0,0,0,false,
TRIAL5-HSX-ROTATION-LONG-GRID,wf_03,2023-05-26,VPB,50000000,0,0,50000000,0,0,0,false,
TRIAL5-HSX-ROTATION-LONG-GRID,wf_03,2023-05-29,VPB,50000000,0,0,50000000,0,0,0,false,
TRIAL5-HSX-ROTATION-LONG-GRID,wf_03,2023-05-30,VPB,50000000,0,0,50000000,0,0,0,false,
TRIAL5-HSX-ROTATION-LONG-GRID,wf_03,2023-05-31,VPB,50000000,0,0,50000000,0,0,0,false,
TRIAL5-HSX-ROTATION-LONG-GRID,wf_03,2023-06-01,VPB,50000000,0,0,50000000,0,0,0,false,
TRIAL5-HSX-ROTATION-LONG-GRID,wf_03,2023-06-02,VPB,50000000,0,0,50000000,0,0,0,false,
TRIAL5-HSX-ROTATION-LONG-GRID,wf_03,2023-06-05,VPB,50000000,0,0,50000000,0,0,0,false,
TRIAL5-HSX-ROTATION-LONG-GRID,wf_03,2023-06-06,VPB,50000000,0,0,50000000,0,0,0,false,
TRIAL5-HSX-ROTATION-LONG-GRID,wf_03,2023-06-07,VPB,50000000,0,0,50000000,0,0,0,false,
TRIAL5-HSX-ROTATION-LONG-GRID,wf_03,2023-06-08,VPB,50000000,0,0,50000000,0,0,0,false,
TRIAL5-HSX-ROTATION-LONG-GRID,wf_03,2023-06-09,VPB,50000000,0,0,50000000,0,0,0,false,
TRIAL5-HSX-ROTATION-LONG-GRID,wf_03,2023-06-12,VPB,50000000,0,0,50000000,0,0,0,false,
TRIAL5-HSX-ROTATION-LONG-GRID,wf_03,2023-06-13,VPB,50000000,0,0,50000000,0,0,0,false,
TRIAL5-HSX-ROTATION-LONG-GRID,wf_03,2023-06-14,VPB,50000000,0,0,50000000,0,0,0,false,
TRIAL5-HSX-ROTATION-LONG-GRID,wf_03,2023-06-15,VPB,50000000,0,0,50000000,0,0,0,false,
TRIAL5-HSX-ROTATION-LONG-GRID,wf_03,2023-06-16,VPB,50000000,0,0,50000000,0,0,0,false,
TRIAL5-HSX-ROTATION-LONG-GRID,wf_03,2023-06-19,VPB,50000000,0,0,50000000,0,0,0,false,
TRIAL5-HSX-ROTATION-LONG-GRID,wf_03,2023-06-20,VPB,50000000,0,0,50000000,0,0,0,false,
TRIAL5-HSX-ROTATION-LONG-GRID,wf_03,2023-06-21,VPB,50000000,0,0,50000000,0,0,0,false,
TRIAL5-HSX-ROTATION-LONG-GRID,wf_03,2023-06-22,VPB,50000000,0,0,50000000,0,0,0,false,
TRIAL5-HSX-ROTATION-LONG-GRID,wf_03,2023-06-23,VPB,50000000,0,0,50000000,0,0,0,false,
TRIAL5-HSX-ROTATION-LONG-GRID,wf_03,2023-06-26,VPB,50000000,0,0,50000000,0,0,0,false,
TRIAL5-HSX-ROTATION-LONG-GRID,wf_03,2023-06-27,VPB,50000000,0,0,50000000,0,0,0,false,
TRIAL5-HSX-ROTATION-LONG-GRID,wf_03,2023-06-28,VPB,50000000,0,0,50000000,0,0,0,true,scheduled_rotation_exit
TRIAL5-HSX-ROTATION-LONG-GRID,wf_03,2023-06-29,VPB,50000000,0,0,50000000,0,0,0,true,scheduled_rotation_exit
TRIAL5-HSX-ROTATION-LONG-GRID,wf_03,2023-06-30,VPB,50000000,0,0,50000000,0,0,0,true,scheduled_rotation_exit
TRIAL5-HSX-ROTATION-LONG-GRID,wf_04,2023-07-03,PNJ,50000000,0,0,50000000,0,0,0,false,
TRIAL5-HSX-ROTATION-LONG-GRID,wf_04,2023-07-04,PNJ,50000000,0,0,50000000,0,0,0,false,
TRIAL5-HSX-ROTATION-LONG-GRID,wf_04,2023-07-05,PNJ,50000000,0,0,50000000,0,0,0,false,
TRIAL5-HSX-ROTATION-LONG-GRID,wf_04,2023-07-06,PNJ,50000000,0,0,50000000,0,0,0,false,
TRIAL5-HSX-ROTATION-LONG-GRID,wf_04,2023-07-07,PNJ,50000000,0,0,50000000,0,0,0,false,
TRIAL5-HSX-ROTATION-LONG-GRID,wf_04,2023-07-10,PNJ,50000000,0,0,50000000,0,0,0,false,
TRIAL5-HSX-ROTATION-LONG-GRID,wf_04,2023-07-11,PNJ,50000000,0,0,50000000,0,0,0,false,
TRIAL5-HSX-ROTATION-LONG-GRID,wf_04,2023-07-12,PNJ,50000000,0,0,50000000,0,0,0,false,
TRIAL5-HSX-ROTATION-LONG-GRID,wf_04,2023-07-13,PNJ,50000000,0,0,50000000,0,0,0,false,
TRIAL5-HSX-ROTATION-LONG-GRID,wf_04,2023-07-14,PNJ,50000000,0,0,50000000,0,0,0,false,
TRIAL5-HSX-ROTATION-LONG-GRID,wf_04,2023-07-17,PNJ,50000000,0,0,50000000,0,0,0,false,
TRIAL5-HSX-ROTATION-LONG-GRID,wf_04,2023-07-18,PNJ,50000000,0,0,50000000,0,0,0,false,
TRIAL5-HSX-ROTATION-LONG-GRID,wf_04,2023-07-19,PNJ,50000000,0,0,50000000,0,0,0,false,
TRIAL5-HSX-ROTATION-LONG-GRID,wf_04,2023-07-20,PNJ,50000000,0,0,50000000,0,0,0,false,
TRIAL5-HSX-ROTATION-LONG-GRID,wf_04,2023-07-21,PNJ,50000000,0,0,50000000,0,0,0,false,
TRIAL5-HSX-ROTATION-LONG-GRID,wf_04,2023-07-24,PNJ,50000000,0,0,50000000,0,0,0,false,
TRIAL5-HSX-ROTATION-LONG-GRID,wf_04,2023-07-25,PNJ,50000000,0,0,50000000,0,0,0,false,
TRIAL5-HSX-ROTATION-LONG-GRID,wf_04,2023-07-26,PNJ,50000000,0,0,50000000,0,0,0,false,
TRIAL5-HSX-ROTATION-LONG-GRID,wf_04,2023-07-27,PNJ,50000000,0,0,50000000,0,0,0,false,
TRIAL5-HSX-ROTATION-LONG-GRID,wf_04,2023-07-28,PNJ,50000000,0,0,50000000,0,0,0,false,
TRIAL5-HSX-ROTATION-LONG-GRID,wf_04,2023-07-31,PNJ,50000000,0,0,50000000,0,0,0,false,
TRIAL5-HSX-ROTATION-LONG-GRID,wf_04,2023-08-01,PNJ,50000000,0,0,50000000,0,0,0,false,
TRIAL5-HSX-ROTATION-LONG-GRID,wf_04,2023-08-02,PNJ,50000000,0,0,50000000,0,0,0,false,
TRIAL5-HSX-ROTATION-LONG-GRID,wf_04,2023-08-03,PNJ,50000000,0,0,50000000,0,0,0,false,
TRIAL5-HSX-ROTATION-LONG-GRID,wf_04,2023-08-04,PNJ,50000000,0,0,50000000,0,0,0,false,
TRIAL5-HSX-ROTATION-LONG-GRID,wf_04,2023-08-07,PNJ,50000000,0,0,50000000,0,0,0,false,
TRIAL5-HSX-ROTATION-LONG-GRID,wf_04,2023-08-08,PNJ,50000000,0,0,50000000,0,0,0,false,
TRIAL5-HSX-ROTATION-LONG-GRID,wf_04,2023-08-09,PNJ,50000000,0,0,50000000,0,0,0,false,
TRIAL5-HSX-ROTATION-LONG-GRID,wf_04,2023-08-10,PNJ,50000000,0,0,50000000,0,0,0,false,
TRIAL5-HSX-ROTATION-LONG-GRID,wf_04,2023-08-11,PNJ,50000000,0,0,50000000,0,0,0,false,
TRIAL5-HSX-ROTATION-LONG-GRID,wf_04,2023-08-14,PNJ,50000000,0,0,50000000,0,0,0,false,
TRIAL5-HSX-ROTATION-LONG-GRID,wf_04,2023-08-15,PNJ,50000000,0,0,50000000,0,0,0,false,
TRIAL5-HSX-ROTATION-LONG-GRID,wf_04,2023-08-16,PNJ,50000000,0,0,50000000,0,0,0,false,
TRIAL5-HSX-ROTATION-LONG-GRID,wf_04,2023-08-17,PNJ,50000000,0,0,50000000,0,0,0,false,
TRIAL5-HSX-ROTATION-LONG-GRID,wf_04,2023-08-18,PNJ,50000000,0,0,50000000,0,0,0,false,
TRIAL5-HSX-ROTATION-LONG-GRID,wf_04,2023-08-21,PNJ,50000000,0,0,50000000,0,0,0,false,
TRIAL5-HSX-ROTATION-LONG-GRID,wf_04,2023-08-22,PNJ,50000000,0,0,50000000,0,0,0,false,
TRIAL5-HSX-ROTATION-LONG-GRID,wf_04,2023-08-23,PNJ,50000000,0,0,50000000,0,0,0,false,
TRIAL5-HSX-ROTATION-LONG-GRID,wf_04,2023-08-24,PNJ,50000000,0,0,50000000,0,0,0,false,
TRIAL5-HSX-ROTATION-LONG-GRID,wf_04,2023-08-25,PNJ,50000000,0,0,50000000,0,0,0,false,
TRIAL5-HSX-ROTATION-LONG-GRID,wf_04,2023-08-28,PNJ,50000000,0,0,50000000,0,0,0,false,
TRIAL5-HSX-ROTATION-LONG-GRID,wf_04,2023-08-29,PNJ,50000000,0,0,50000000,0,0,0,true,scheduled_rotation_exit
TRIAL5-HSX-ROTATION-LONG-GRID,wf_04,2023-08-30,PNJ,50000000,0,0,50000000,0,0,0,true,scheduled_rotation_exit
TRIAL5-HSX-ROTATION-LONG-GRID,wf_04,2023-08-31,PNJ,50000000,0,0,50000000,0,0,0,true,scheduled_rotation_exit
TRIAL5-HSX-ROTATION-LONG-GRID,wf_07,2024-01-02,SSI,50000000,0,0,50000000,0,0,0,false,
TRIAL5-HSX-ROTATION-LONG-GRID,wf_07,2024-01-03,SSI,50000000,0,0,50000000,0,0,0,false,
TRIAL5-HSX-ROTATION-LONG-GRID,wf_07,2024-01-04,SSI,50000000,0,0,50000000,0,0,0,false,
TRIAL5-HSX-ROTATION-LONG-GRID,wf_07,2024-01-05,SSI,50000000,0,0,50000000,0,0,0,false,
TRIAL5-HSX-ROTATION-LONG-GRID,wf_07,2024-01-08,SSI,50000000,0,0,50000000,0,0,0,false,
TRIAL5-HSX-ROTATION-LONG-GRID,wf_07,2024-01-09,SSI,50000000,0,0,50000000,0,0,0,false,
TRIAL5-HSX-ROTATION-LONG-GRID,wf_07,2024-01-10,SSI,50000000,0,0,50000000,0,0,0,false,
TRIAL5-HSX-ROTATION-LONG-GRID,wf_07,2024-01-11,SSI,50000000,0,0,50000000,0,0,0,false,
TRIAL5-HSX-ROTATION-LONG-GRID,wf_07,2024-01-12,SSI,50000000,0,0,50000000,0,0,0,false,
TRIAL5-HSX-ROTATION-LONG-GRID,wf_07,2024-01-15,SSI,50000000,0,0,50000000,0,0,0,false,
TRIAL5-HSX-ROTATION-LONG-GRID,wf_07,2024-01-16,SSI,50000000,0,0,50000000,0,0,0,false,
TRIAL5-HSX-ROTATION-LONG-GRID,wf_07,2024-01-17,SSI,50000000,0,0,50000000,0,0,0,false,
TRIAL5-HSX-ROTATION-LONG-GRID,wf_07,2024-01-18,SSI,50000000,0,0,50000000,0,0,0,false,
TRIAL5-HSX-ROTATION-LONG-GRID,wf_07,2024-01-19,SSI,50000000,0,0,50000000,0,0,0,false,
TRIAL5-HSX-ROTATION-LONG-GRID,wf_07,2024-01-22,SSI,50000000,0,0,50000000,0,0,0,false,
TRIAL5-HSX-ROTATION-LONG-GRID,wf_07,2024-01-23,SSI,50000000,0,0,50000000,0,0,0,false,
TRIAL5-HSX-ROTATION-LONG-GRID,wf_07,2024-01-24,SSI,50000000,0,0,50000000,0,0,0,false,
TRIAL5-HSX-ROTATION-LONG-GRID,wf_07,2024-01-25,SSI,50000000,0,0,50000000,0,0,0,false,
TRIAL5-HSX-ROTATION-LONG-GRID,wf_07,2024-01-26,SSI,50000000,0,0,50000000,0,0,0,false,
TRIAL5-HSX-ROTATION-LONG-GRID,wf_07,2024-01-29,SSI,50000000,0,0,50000000,0,0,0,false,
TRIAL5-HSX-ROTATION-LONG-GRID,wf_07,2024-01-30,SSI,50000000,0,0,50000000,0,0,0,false,
TRIAL5-HSX-ROTATION-LONG-GRID,wf_07,2024-01-31,SSI,50000000,0,0,50000000,0,0,0,false,
TRIAL5-HSX-ROTATION-LONG-GRID,wf_07,2024-02-01,SSI,50000000,0,0,50000000,0,0,0,false,
TRIAL5-HSX-ROTATION-LONG-GRID,wf_07,2024-02-02,SSI,50000000,0,0,50000000,0,0,0,false,
TRIAL5-HSX-ROTATION-LONG-GRID,wf_07,2024-02-05,SSI,50000000,0,0,50000000,0,0,0,false,
TRIAL5-HSX-ROTATION-LONG-GRID,wf_07,2024-02-06,SSI,50000000,0,0,50000000,0,0,0,false,
TRIAL5-HSX-ROTATION-LONG-GRID,wf_07,2024-02-07,SSI,50000000,0,0,50000000,0,0,0,false,
TRIAL5-HSX-ROTATION-LONG-GRID,wf_07,2024-02-15,SSI,50000000,0,0,50000000,0,0,0,false,
TRIAL5-HSX-ROTATION-LONG-GRID,wf_07,2024-02-16,SSI,50000000,0,0,50000000,0,0,0,false,
TRIAL5-HSX-ROTATION-LONG-GRID,wf_07,2024-02-19,SSI,50000000,0,0,50000000,0,0,0,false,
TRIAL5-HSX-ROTATION-LONG-GRID,wf_07,2024-02-20,SSI,50000000,0,0,50000000,0,0,0,false,
TRIAL5-HSX-ROTATION-LONG-GRID,wf_07,2024-02-21,SSI,50000000,0,0,50000000,0,0,0,false,
TRIAL5-HSX-ROTATION-LONG-GRID,wf_07,2024-02-22,SSI,50000000,0,0,50000000,0,0,0,false,
TRIAL5-HSX-ROTATION-LONG-GRID,wf_07,2024-02-23,SSI,50000000,0,0,50000000,0,0,0,false,
TRIAL5-HSX-ROTATION-LONG-GRID,wf_07,2024-02-26,SSI,50000000,0,0,50000000,0,0,0,false,
TRIAL5-HSX-ROTATION-LONG-GRID,wf_07,2024-02-27,SSI,50000000,0,0,50000000,0,0,0,true,scheduled_rotation_exit
TRIAL5-HSX-ROTATION-LONG-GRID,wf_07,2024-02-28,SSI,50000000,0,0,50000000,0,0,0,true,scheduled_rotation_exit
TRIAL5-HSX-ROTATION-LONG-GRID,wf_07,2024-02-29,SSI,50000000,0,0,50000000,0,0,0,true,scheduled_rotation_exit
TRIAL5-HSX-ROTATION-LONG-GRID,wf_07,2024-01-02,MBB,50000000,0,0,50000000,0,0,0,false,
TRIAL5-HSX-ROTATION-LONG-GRID,wf_07,2024-01-03,MBB,50000000,0,0,50000000,0,0,0,false,
TRIAL5-HSX-ROTATION-LONG-GRID,wf_07,2024-01-04,MBB,50000000,0,0,50000000,0,0,0,false,
TRIAL5-HSX-ROTATION-LONG-GRID,wf_07,2024-01-05,MBB,50000000,0,0,50000000,0,0,0,false,
TRIAL5-HSX-ROTATION-LONG-GRID,wf_07,2024-01-08,MBB,50000000,0,0,50000000,0,0,0,false,
TRIAL5-HSX-ROTATION-LONG-GRID,wf_07,2024-01-09,MBB,50000000,0,0,50000000,0,0,0,false,
TRIAL5-HSX-ROTATION-LONG-GRID,wf_07,2024-01-10,MBB,50000000,0,0,50000000,0,0,0,false,
TRIAL5-HSX-ROTATION-LONG-GRID,wf_07,2024-01-11,MBB,50000000,0,0,50000000,0,0,0,false,
TRIAL5-HSX-ROTATION-LONG-GRID,wf_07,2024-01-12,MBB,50000000,0,0,50000000,0,0,0,false,
TRIAL5-HSX-ROTATION-LONG-GRID,wf_07,2024-01-15,MBB,50000000,0,0,50000000,0,0,0,false,
TRIAL5-HSX-ROTATION-LONG-GRID,wf_07,2024-01-16,MBB,50000000,0,0,50000000,0,0,0,false,
TRIAL5-HSX-ROTATION-LONG-GRID,wf_07,2024-01-17,MBB,50000000,0,0,50000000,0,0,0,false,
TRIAL5-HSX-ROTATION-LONG-GRID,wf_07,2024-01-18,MBB,50000000,0,0,50000000,0,0,0,false,
TRIAL5-HSX-ROTATION-LONG-GRID,wf_07,2024-01-19,MBB,50000000,0,0,50000000,0,0,0,false,
TRIAL5-HSX-ROTATION-LONG-GRID,wf_07,2024-01-22,MBB,50000000,0,0,50000000,0,0,0,false,
TRIAL5-HSX-ROTATION-LONG-GRID,wf_07,2024-01-23,MBB,50000000,0,0,50000000,0,0,0,false,
TRIAL5-HSX-ROTATION-LONG-GRID,wf_07,2024-01-24,MBB,50000000,0,0,50000000,0,0,0,false,
TRIAL5-HSX-ROTATION-LONG-GRID,wf_07,2024-01-25,MBB,50000000,0,0,50000000,0,0,0,false,
TRIAL5-HSX-ROTATION-LONG-GRID,wf_07,2024-01-26,MBB,50000000,0,0,50000000,0,0,0,false,
TRIAL5-HSX-ROTATION-LONG-GRID,wf_07,2024-01-29,MBB,50000000,0,0,50000000,0,0,0,false,
TRIAL5-HSX-ROTATION-LONG-GRID,wf_07,2024-01-30,MBB,50000000,0,0,50000000,0,0,0,false,
TRIAL5-HSX-ROTATION-LONG-GRID,wf_07,2024-01-31,MBB,50000000,0,0,50000000,0,0,0,false,
TRIAL5-HSX-ROTATION-LONG-GRID,wf_07,2024-02-01,MBB,50000000,0,0,50000000,0,0,0,false,
TRIAL5-HSX-ROTATION-LONG-GRID,wf_07,2024-02-02,MBB,50000000,0,0,50000000,0,0,0,false,
TRIAL5-HSX-ROTATION-LONG-GRID,wf_07,2024-02-05,MBB,50000000,0,0,50000000,0,0,0,false,
TRIAL5-HSX-ROTATION-LONG-GRID,wf_07,2024-02-06,MBB,50000000,0,0,50000000,0,0,0,false,
TRIAL5-HSX-ROTATION-LONG-GRID,wf_07,2024-02-07,MBB,50000000,0,0,50000000,0,0,0,false,
TRIAL5-HSX-ROTATION-LONG-GRID,wf_07,2024-02-15,MBB,50000000,0,0,50000000,0,0,0,false,
TRIAL5-HSX-ROTATION-LONG-GRID,wf_07,2024-02-16,MBB,50000000,0,0,50000000,0,0,0,false,
TRIAL5-HSX-ROTATION-LONG-GRID,wf_07,2024-02-19,MBB,50000000,0,0,50000000,0,0,0,false,
TRIAL5-HSX-ROTATION-LONG-GRID,wf_07,2024-02-20,MBB,50000000,0,0,50000000,0,0,0,false,
TRIAL5-HSX-ROTATION-LONG-GRID,wf_07,2024-02-21,MBB,50000000,0,0,50000000,0,0,0,false,
TRIAL5-HSX-ROTATION-LONG-GRID,wf_07,2024-02-22,MBB,50000000,0,0,50000000,0,0,0,false,
TRIAL5-HSX-ROTATION-LONG-GRID,wf_07,2024-02-23,MBB,50000000,0,0,50000000,0,0,0,false,
TRIAL5-HSX-ROTATION-LONG-GRID,wf_07,2024-02-26,MBB,50000000,0,0,50000000,0,0,0,false,
TRIAL5-HSX-ROTATION-LONG-GRID,wf_07,2024-02-27,MBB,50000000,0,0,50000000,0,0,0,true,scheduled_rotation_exit
TRIAL5-HSX-ROTATION-LONG-GRID,wf_07,2024-02-28,MBB,50000000,0,0,50000000,0,0,0,true,scheduled_rotation_exit
TRIAL5-HSX-ROTATION-LONG-GRID,wf_07,2024-02-29,MBB,50000000,0,0,50000000,0,0,0,true,scheduled_rotation_exit
TRIAL5-HSX-ROTATION-LONG-GRID,wf_08,2024-03-01,MBB,50000000,0,0,50000000,0,0,0,false,
TRIAL5-HSX-ROTATION-LONG-GRID,wf_08,2024-03-04,MBB,50000000,0,0,50000000,0,0,0,false,
TRIAL5-HSX-ROTATION-LONG-GRID,wf_08,2024-03-05,MBB,50000000,0,0,50000000,0,0,0,false,
TRIAL5-HSX-ROTATION-LONG-GRID,wf_08,2024-03-06,MBB,50000000,0,0,50000000,0,0,0,false,
TRIAL5-HSX-ROTATION-LONG-GRID,wf_08,2024-03-07,MBB,50000000,0,0,50000000,0,0,0,false,
TRIAL5-HSX-ROTATION-LONG-GRID,wf_08,2024-03-08,MBB,50000000,0,0,50000000,0,0,0,false,
TRIAL5-HSX-ROTATION-LONG-GRID,wf_08,2024-03-11,MBB,50000000,0,0,50000000,0,0,0,false,
TRIAL5-HSX-ROTATION-LONG-GRID,wf_08,2024-03-12,MBB,50000000,0,0,50000000,0,0,0,false,
TRIAL5-HSX-ROTATION-LONG-GRID,wf_08,2024-03-13,MBB,50000000,0,0,50000000,0,0,0,false,
TRIAL5-HSX-ROTATION-LONG-GRID,wf_08,2024-03-14,MBB,42909380,0,7002450,49911830,300,0,300,false,
TRIAL5-HSX-ROTATION-LONG-GRID,wf_08,2024-03-15,MBB,42909380,0,7107187,50016567,300,0,300,false,
TRIAL5-HSX-ROTATION-LONG-GRID,wf_08,2024-03-18,MBB,42909380,0,6927637,49837017,300,300,0,false,
TRIAL5-HSX-ROTATION-LONG-GRID,wf_08,2024-03-19,MBB,42909380,0,6927637,49837017,300,300,0,false,
TRIAL5-HSX-ROTATION-LONG-GRID,wf_08,2024-03-20,MBB,42909380,7226887,0,50136267,0,0,0,false,
TRIAL5-HSX-ROTATION-LONG-GRID,wf_08,2024-03-21,MBB,42909380,7226887,0,50136267,0,0,0,false,
TRIAL5-HSX-ROTATION-LONG-GRID,wf_08,2024-03-22,MBB,50136267,0,0,50136267,0,0,0,false,
TRIAL5-HSX-ROTATION-LONG-GRID,wf_08,2024-03-25,MBB,50136267,0,0,50136267,0,0,0,false,
TRIAL5-HSX-ROTATION-LONG-GRID,wf_08,2024-03-26,MBB,50136267,0,0,50136267,0,0,0,false,
TRIAL5-HSX-ROTATION-LONG-GRID,wf_08,2024-03-27,MBB,50136267,0,0,50136267,0,0,0,false,
TRIAL5-HSX-ROTATION-LONG-GRID,wf_08,2024-03-28,MBB,50136267,0,0,50136267,0,0,0,false,
TRIAL5-HSX-ROTATION-LONG-GRID,wf_08,2024-03-29,MBB,50136267,0,0,50136267,0,0,0,false,
TRIAL5-HSX-ROTATION-LONG-GRID,wf_08,2024-04-01,MBB,50136267,0,0,50136267,0,0,0,false,
TRIAL5-HSX-ROTATION-LONG-GRID,wf_08,2024-04-02,MBB,50136267,0,0,50136267,0,0,0,false,
TRIAL5-HSX-ROTATION-LONG-GRID,wf_08,2024-04-03,MBB,50136267,0,0,50136267,0,0,0,false,
TRIAL5-HSX-ROTATION-LONG-GRID,wf_08,2024-04-04,MBB,50136267,0,0,50136267,0,0,0,false,
TRIAL5-HSX-ROTATION-LONG-GRID,wf_08,2024-04-05,MBB,43060669,0,6972525,50033194,300,0,300,false,
TRIAL5-HSX-ROTATION-LONG-GRID,wf_08,2024-04-08,MBB,43060669,0,7017412,50078081,300,0,300,false,
TRIAL5-HSX-ROTATION-LONG-GRID,wf_08,2024-04-09,MBB,43060669,0,7167037,50227706,300,300,0,false,
TRIAL5-HSX-ROTATION-LONG-GRID,wf_08,2024-04-10,MBB,43060669,7241850,0,50302519,0,0,0,false,
TRIAL5-HSX-ROTATION-LONG-GRID,wf_08,2024-04-11,MBB,43060669,7241850,0,50302519,0,0,0,false,
TRIAL5-HSX-ROTATION-LONG-GRID,wf_08,2024-04-12,MBB,50302519,0,0,50302519,0,0,0,false,
TRIAL5-HSX-ROTATION-LONG-GRID,wf_08,2024-04-15,MBB,50302519,0,0,50302519,0,0,0,false,
TRIAL5-HSX-ROTATION-LONG-GRID,wf_08,2024-04-16,MBB,50302519,0,0,50302519,0,0,0,false,
TRIAL5-HSX-ROTATION-LONG-GRID,wf_08,2024-04-17,MBB,50302519,0,0,50302519,0,0,0,false,
TRIAL5-HSX-ROTATION-LONG-GRID,wf_08,2024-04-19,MBB,50302519,0,0,50302519,0,0,0,false,
TRIAL5-HSX-ROTATION-LONG-GRID,wf_08,2024-04-22,MBB,50302519,0,0,50302519,0,0,0,false,
TRIAL5-HSX-ROTATION-LONG-GRID,wf_08,2024-04-23,MBB,50302519,0,0,50302519,0,0,0,true,prior_close_below_grid
TRIAL5-HSX-ROTATION-LONG-GRID,wf_08,2024-04-24,MBB,50302519,0,0,50302519,0,0,0,true,prior_close_below_grid
TRIAL5-HSX-ROTATION-LONG-GRID,wf_08,2024-04-25,MBB,50302519,0,0,50302519,0,0,0,true,prior_close_below_grid
TRIAL5-HSX-ROTATION-LONG-GRID,wf_08,2024-04-26,MBB,50302519,0,0,50302519,0,0,0,true,prior_close_below_grid
TRIAL5-HSX-ROTATION-LONG-GRID,wf_08,2024-03-01,HPG,50000000,0,0,50000000,0,0,0,false,
TRIAL5-HSX-ROTATION-LONG-GRID,wf_08,2024-03-04,HPG,50000000,0,0,50000000,0,0,0,false,
TRIAL5-HSX-ROTATION-LONG-GRID,wf_08,2024-03-05,HPG,50000000,0,0,50000000,0,0,0,false,
TRIAL5-HSX-ROTATION-LONG-GRID,wf_08,2024-03-06,HPG,50000000,0,0,50000000,0,0,0,false,
TRIAL5-HSX-ROTATION-LONG-GRID,wf_08,2024-03-07,HPG,50000000,0,0,50000000,0,0,0,false,
TRIAL5-HSX-ROTATION-LONG-GRID,wf_08,2024-03-08,HPG,43890850,0,6034875,49925725,200,0,200,false,
TRIAL5-HSX-ROTATION-LONG-GRID,wf_08,2024-03-11,HPG,43890850,0,5955075,49845925,200,0,200,false,
TRIAL5-HSX-ROTATION-LONG-GRID,wf_08,2024-03-12,HPG,43890850,0,6014925,49905775,200,200,0,false,
TRIAL5-HSX-ROTATION-LONG-GRID,wf_08,2024-03-13,HPG,43890850,0,6134625,50025475,200,200,0,false,
TRIAL5-HSX-ROTATION-LONG-GRID,wf_08,2024-03-14,HPG,43890850,0,6044850,49935700,200,200,0,false,
TRIAL5-HSX-ROTATION-LONG-GRID,wf_08,2024-03-15,HPG,43890850,0,5994975,49885825,200,200,0,false,
TRIAL5-HSX-ROTATION-LONG-GRID,wf_08,2024-03-18,HPG,43890850,0,5895225,49786075,200,200,0,false,
TRIAL5-HSX-ROTATION-LONG-GRID,wf_08,2024-03-19,HPG,43890850,0,5935125,49825975,200,200,0,false,
TRIAL5-HSX-ROTATION-LONG-GRID,wf_08,2024-03-20,HPG,43890850,0,5975025,49865875,200,200,0,false,
TRIAL5-HSX-ROTATION-LONG-GRID,wf_08,2024-03-21,HPG,43890850,0,6024900,49915750,200,200,0,false,
TRIAL5-HSX-ROTATION-LONG-GRID,wf_08,2024-03-22,HPG,43890850,0,6084750,49975600,200,200,0,false,
TRIAL5-HSX-ROTATION-LONG-GRID,wf_08,2024-03-25,HPG,43890850,0,6014925,49905775,200,200,0,false,
TRIAL5-HSX-ROTATION-LONG-GRID,wf_08,2024-03-26,HPG,43890850,0,6084750,49975600,200,200,0,false,
TRIAL5-HSX-ROTATION-LONG-GRID,wf_08,2024-03-27,HPG,43890850,6184500,0,50075350,0,0,0,false,
TRIAL5-HSX-ROTATION-LONG-GRID,wf_08,2024-03-28,HPG,43890850,6184500,0,50075350,0,0,0,false,
TRIAL5-HSX-ROTATION-LONG-GRID,wf_08,2024-03-29,HPG,43986230,0,6024900,50011130,200,0,200,false,
TRIAL5-HSX-ROTATION-LONG-GRID,wf_08,2024-04-01,HPG,43986230,0,5994975,49981205,200,0,200,false,
TRIAL5-HSX-ROTATION-LONG-GRID,wf_08,2024-04-02,HPG,43986230,0,6054825,50041055,200,200,0,false,
TRIAL5-HSX-ROTATION-LONG-GRID,wf_08,2024-04-03,HPG,43986230,0,5965050,49951280,200,200,0,false,
TRIAL5-HSX-ROTATION-LONG-GRID,wf_08,2024-04-04,HPG,43986230,0,5895225,49881455,200,200,0,false,
TRIAL5-HSX-ROTATION-LONG-GRID,wf_08,2024-04-05,HPG,43986230,0,5865300,49851530,200,200,0,false,
TRIAL5-HSX-ROTATION-LONG-GRID,wf_08,2024-04-08,HPG,43986230,5865300,0,49851530,0,0,0,true,prior_close_below_grid
TRIAL5-HSX-ROTATION-LONG-GRID,wf_08,2024-04-09,HPG,43986230,5865300,0,49851530,0,0,0,true,prior_close_below_grid
TRIAL5-HSX-ROTATION-LONG-GRID,wf_08,2024-04-10,HPG,49851530,0,0,49851530,0,0,0,true,prior_close_below_grid
TRIAL5-HSX-ROTATION-LONG-GRID,wf_08,2024-04-11,HPG,49851530,0,0,49851530,0,0,0,true,prior_close_below_grid
TRIAL5-HSX-ROTATION-LONG-GRID,wf_08,2024-04-12,HPG,49851530,0,0,49851530,0,0,0,true,prior_close_below_grid
TRIAL5-HSX-ROTATION-LONG-GRID,wf_08,2024-04-15,HPG,49851530,0,0,49851530,0,0,0,true,prior_close_below_grid
TRIAL5-HSX-ROTATION-LONG-GRID,wf_08,2024-04-16,HPG,49851530,0,0,49851530,0,0,0,true,prior_close_below_grid
TRIAL5-HSX-ROTATION-LONG-GRID,wf_08,2024-04-17,HPG,49851530,0,0,49851530,0,0,0,true,prior_close_below_grid
TRIAL5-HSX-ROTATION-LONG-GRID,wf_08,2024-04-19,HPG,49851530,0,0,49851530,0,0,0,true,prior_close_below_grid
TRIAL5-HSX-ROTATION-LONG-GRID,wf_08,2024-04-22,HPG,49851530,0,0,49851530,0,0,0,true,prior_close_below_grid
TRIAL5-HSX-ROTATION-LONG-GRID,wf_08,2024-04-23,HPG,49851530,0,0,49851530,0,0,0,true,prior_close_below_grid
TRIAL5-HSX-ROTATION-LONG-GRID,wf_08,2024-04-24,HPG,49851530,0,0,49851530,0,0,0,true,prior_close_below_grid
TRIAL5-HSX-ROTATION-LONG-GRID,wf_08,2024-04-25,HPG,49851530,0,0,49851530,0,0,0,true,prior_close_below_grid
TRIAL5-HSX-ROTATION-LONG-GRID,wf_08,2024-04-26,HPG,49851530,0,0,49851530,0,0,0,true,prior_close_below_grid
TRIAL5-HSX-ROTATION-LONG-GRID,wf_09,2024-05-02,TCB,50077024,0,0,50077024,0,0,0,false,
TRIAL5-HSX-ROTATION-LONG-GRID,wf_09,2024-05-03,TCB,50077024,0,0,50077024,0,0,0,false,
TRIAL5-HSX-ROTATION-LONG-GRID,wf_09,2024-05-06,TCB,50077024,0,0,50077024,0,0,0,false,
TRIAL5-HSX-ROTATION-LONG-GRID,wf_09,2024-05-07,TCB,50077024,0,0,50077024,0,0,0,false,
TRIAL5-HSX-ROTATION-LONG-GRID,wf_09,2024-05-08,TCB,50077024,0,0,50077024,0,0,0,false,
TRIAL5-HSX-ROTATION-LONG-GRID,wf_09,2024-05-09,TCB,50077024,0,0,50077024,0,0,0,false,
TRIAL5-HSX-ROTATION-LONG-GRID,wf_09,2024-05-10,TCB,50077024,0,0,50077024,0,0,0,false,
TRIAL5-HSX-ROTATION-LONG-GRID,wf_09,2024-05-13,TCB,50077024,0,0,50077024,0,0,0,false,
TRIAL5-HSX-ROTATION-LONG-GRID,wf_09,2024-05-14,TCB,50077024,0,0,50077024,0,0,0,false,
TRIAL5-HSX-ROTATION-LONG-GRID,wf_09,2024-05-15,TCB,50077024,0,0,50077024,0,0,0,false,
TRIAL5-HSX-ROTATION-LONG-GRID,wf_09,2024-05-16,TCB,50077024,0,0,50077024,0,0,0,false,
TRIAL5-HSX-ROTATION-LONG-GRID,wf_09,2024-05-17,TCB,50077024,0,0,50077024,0,0,0,false,
TRIAL5-HSX-ROTATION-LONG-GRID,wf_09,2024-05-20,TCB,50077024,0,0,50077024,0,0,0,false,
TRIAL5-HSX-ROTATION-LONG-GRID,wf_09,2024-05-02,HPG,50077024,0,0,50077024,0,0,0,false,
TRIAL5-HSX-ROTATION-LONG-GRID,wf_09,2024-05-03,HPG,50077024,0,0,50077024,0,0,0,false,
TRIAL5-HSX-ROTATION-LONG-GRID,wf_09,2024-05-06,HPG,50077024,0,0,50077024,0,0,0,false,
TRIAL5-HSX-ROTATION-LONG-GRID,wf_09,2024-05-07,HPG,50077024,0,0,50077024,0,0,0,false,
TRIAL5-HSX-ROTATION-LONG-GRID,wf_09,2024-05-08,HPG,50077024,0,0,50077024,0,0,0,false,
TRIAL5-HSX-ROTATION-LONG-GRID,wf_09,2024-05-09,HPG,50077024,0,0,50077024,0,0,0,false,
TRIAL5-HSX-ROTATION-LONG-GRID,wf_09,2024-05-10,HPG,50077024,0,0,50077024,0,0,0,false,
TRIAL5-HSX-ROTATION-LONG-GRID,wf_09,2024-05-13,HPG,50077024,0,0,50077024,0,0,0,false,
TRIAL5-HSX-ROTATION-LONG-GRID,wf_09,2024-05-14,HPG,50077024,0,0,50077024,0,0,0,false,
TRIAL5-HSX-ROTATION-LONG-GRID,wf_09,2024-05-15,HPG,50077024,0,0,50077024,0,0,0,false,
TRIAL5-HSX-ROTATION-LONG-GRID,wf_09,2024-05-16,HPG,50077024,0,0,50077024,0,0,0,false,
TRIAL5-HSX-ROTATION-LONG-GRID,wf_09,2024-05-17,HPG,50077024,0,0,50077024,0,0,0,false,
TRIAL5-HSX-ROTATION-LONG-GRID,wf_09,2024-05-20,HPG,50077024,0,0,50077024,0,0,0,false,
TRIAL5-HSX-ROTATION-LONG-GRID,wf_09,2024-05-21,HPG,50077024,0,0,50077024,0,0,0,false,
TRIAL5-HSX-ROTATION-LONG-GRID,wf_09,2024-05-22,HPG,50077024,0,0,50077024,0,0,0,false,
TRIAL5-HSX-ROTATION-LONG-GRID,wf_10,2024-07-01,MWG,50077024,0,0,50077024,0,0,0,false,
TRIAL5-HSX-ROTATION-LONG-GRID,wf_10,2024-07-02,MWG,50077024,0,0,50077024,0,0,0,false,
TRIAL5-HSX-ROTATION-LONG-GRID,wf_10,2024-07-03,MWG,50077024,0,0,50077024,0,0,0,false,
TRIAL5-HSX-ROTATION-LONG-GRID,wf_10,2024-07-04,MWG,50077024,0,0,50077024,0,0,0,false,
TRIAL5-HSX-ROTATION-LONG-GRID,wf_10,2024-07-05,MWG,50077024,0,0,50077024,0,0,0,false,
TRIAL5-HSX-ROTATION-LONG-GRID,wf_10,2024-07-08,MWG,50077024,0,0,50077024,0,0,0,false,
TRIAL5-HSX-ROTATION-LONG-GRID,wf_10,2024-07-09,MWG,50077024,0,0,50077024,0,0,0,false,
TRIAL5-HSX-ROTATION-LONG-GRID,wf_10,2024-07-10,MWG,50077024,0,0,50077024,0,0,0,false,
TRIAL5-HSX-ROTATION-LONG-GRID,wf_10,2024-07-11,MWG,50077024,0,0,50077024,0,0,0,false,
TRIAL5-HSX-ROTATION-LONG-GRID,wf_10,2024-07-12,MWG,50077024,0,0,50077024,0,0,0,false,
TRIAL5-HSX-ROTATION-LONG-GRID,wf_10,2024-07-15,MWG,50077024,0,0,50077024,0,0,0,false,
TRIAL5-HSX-ROTATION-LONG-GRID,wf_10,2024-07-16,MWG,50077024,0,0,50077024,0,0,0,false,
TRIAL5-HSX-ROTATION-LONG-GRID,wf_10,2024-07-17,MWG,50077024,0,0,50077024,0,0,0,false,
TRIAL5-HSX-ROTATION-LONG-GRID,wf_10,2024-07-18,MWG,50077024,0,0,50077024,0,0,0,false,
TRIAL5-HSX-ROTATION-LONG-GRID,wf_10,2024-07-19,MWG,50077024,0,0,50077024,0,0,0,false,
TRIAL5-HSX-ROTATION-LONG-GRID,wf_10,2024-07-22,MWG,50077024,0,0,50077024,0,0,0,false,
TRIAL5-HSX-ROTATION-LONG-GRID,wf_10,2024-07-23,MWG,50077024,0,0,50077024,0,0,0,false,
TRIAL5-HSX-ROTATION-LONG-GRID,wf_10,2024-07-24,MWG,50077024,0,0,50077024,0,0,0,false,
TRIAL5-HSX-ROTATION-LONG-GRID,wf_10,2024-07-25,MWG,50077024,0,0,50077024,0,0,0,false,
TRIAL5-HSX-ROTATION-LONG-GRID,wf_10,2024-07-26,MWG,50077024,0,0,50077024,0,0,0,false,
TRIAL5-HSX-ROTATION-LONG-GRID,wf_10,2024-07-29,MWG,50077024,0,0,50077024,0,0,0,false,
TRIAL5-HSX-ROTATION-LONG-GRID,wf_10,2024-07-30,MWG,50077024,0,0,50077024,0,0,0,false,
TRIAL5-HSX-ROTATION-LONG-GRID,wf_10,2024-07-31,MWG,50077024,0,0,50077024,0,0,0,false,
TRIAL5-HSX-ROTATION-LONG-GRID,wf_10,2024-08-01,MWG,50077024,0,0,50077024,0,0,0,false,
TRIAL5-HSX-ROTATION-LONG-GRID,wf_10,2024-08-02,MWG,50077024,0,0,50077024,0,0,0,false,
TRIAL5-HSX-ROTATION-LONG-GRID,wf_10,2024-08-05,MWG,50077024,0,0,50077024,0,0,0,false,
TRIAL5-HSX-ROTATION-LONG-GRID,wf_10,2024-08-06,MWG,50077024,0,0,50077024,0,0,0,false,
TRIAL5-HSX-ROTATION-LONG-GRID,wf_10,2024-08-07,MWG,50077024,0,0,50077024,0,0,0,false,
TRIAL5-HSX-ROTATION-LONG-GRID,wf_10,2024-08-08,MWG,50077024,0,0,50077024,0,0,0,false,
TRIAL5-HSX-ROTATION-LONG-GRID,wf_10,2024-08-09,MWG,50077024,0,0,50077024,0,0,0,false,
TRIAL5-HSX-ROTATION-LONG-GRID,wf_10,2024-08-12,MWG,50077024,0,0,50077024,0,0,0,false,
TRIAL5-HSX-ROTATION-LONG-GRID,wf_10,2024-08-13,MWG,50077024,0,0,50077024,0,0,0,false,
TRIAL5-HSX-ROTATION-LONG-GRID,wf_10,2024-08-14,MWG,50077024,0,0,50077024,0,0,0,false,
TRIAL5-HSX-ROTATION-LONG-GRID,wf_10,2024-08-15,MWG,50077024,0,0,50077024,0,0,0,false,
TRIAL5-HSX-ROTATION-LONG-GRID,wf_10,2024-08-16,MWG,50077024,0,0,50077024,0,0,0,false,
TRIAL5-HSX-ROTATION-LONG-GRID,wf_10,2024-08-19,MWG,50077024,0,0,50077024,0,0,0,false,
TRIAL5-HSX-ROTATION-LONG-GRID,wf_10,2024-08-20,MWG,50077024,0,0,50077024,0,0,0,false,
TRIAL5-HSX-ROTATION-LONG-GRID,wf_10,2024-08-21,MWG,50077024,0,0,50077024,0,0,0,false,
TRIAL5-HSX-ROTATION-LONG-GRID,wf_10,2024-08-22,MWG,50077024,0,0,50077024,0,0,0,false,
TRIAL5-HSX-ROTATION-LONG-GRID,wf_10,2024-08-23,MWG,50077024,0,0,50077024,0,0,0,false,
TRIAL5-HSX-ROTATION-LONG-GRID,wf_10,2024-08-26,MWG,50077024,0,0,50077024,0,0,0,false,
TRIAL5-HSX-ROTATION-LONG-GRID,wf_10,2024-08-27,MWG,50077024,0,0,50077024,0,0,0,false,
TRIAL5-HSX-ROTATION-LONG-GRID,wf_10,2024-08-28,MWG,50077024,0,0,50077024,0,0,0,true,scheduled_rotation_exit
TRIAL5-HSX-ROTATION-LONG-GRID,wf_10,2024-08-29,MWG,50077024,0,0,50077024,0,0,0,true,scheduled_rotation_exit
TRIAL5-HSX-ROTATION-LONG-GRID,wf_10,2024-08-30,MWG,50077024,0,0,50077024,0,0,0,true,scheduled_rotation_exit
TRIAL5-HSX-ROTATION-LONG-GRID,wf_10,2024-07-01,VPB,50077024,0,0,50077024,0,0,0,false,
TRIAL5-HSX-ROTATION-LONG-GRID,wf_10,2024-07-02,VPB,50077024,0,0,50077024,0,0,0,false,
TRIAL5-HSX-ROTATION-LONG-GRID,wf_10,2024-07-03,VPB,50077024,0,0,50077024,0,0,0,false,
TRIAL5-HSX-ROTATION-LONG-GRID,wf_10,2024-07-04,VPB,50077024,0,0,50077024,0,0,0,false,
TRIAL5-HSX-ROTATION-LONG-GRID,wf_10,2024-07-05,VPB,50077024,0,0,50077024,0,0,0,false,
TRIAL5-HSX-ROTATION-LONG-GRID,wf_10,2024-07-08,VPB,50077024,0,0,50077024,0,0,0,false,
TRIAL5-HSX-ROTATION-LONG-GRID,wf_10,2024-07-09,VPB,50077024,0,0,50077024,0,0,0,false,
TRIAL5-HSX-ROTATION-LONG-GRID,wf_10,2024-07-10,VPB,50077024,0,0,50077024,0,0,0,false,
TRIAL5-HSX-ROTATION-LONG-GRID,wf_10,2024-07-11,VPB,50077024,0,0,50077024,0,0,0,false,
TRIAL5-HSX-ROTATION-LONG-GRID,wf_10,2024-07-12,VPB,50077024,0,0,50077024,0,0,0,false,
TRIAL5-HSX-ROTATION-LONG-GRID,wf_10,2024-07-15,VPB,50077024,0,0,50077024,0,0,0,false,
TRIAL5-HSX-ROTATION-LONG-GRID,wf_10,2024-07-16,VPB,50077024,0,0,50077024,0,0,0,false,
TRIAL5-HSX-ROTATION-LONG-GRID,wf_10,2024-07-17,VPB,50077024,0,0,50077024,0,0,0,false,
TRIAL5-HSX-ROTATION-LONG-GRID,wf_10,2024-07-18,VPB,50077024,0,0,50077024,0,0,0,false,
TRIAL5-HSX-ROTATION-LONG-GRID,wf_10,2024-07-19,VPB,50077024,0,0,50077024,0,0,0,false,
TRIAL5-HSX-ROTATION-LONG-GRID,wf_10,2024-07-22,VPB,50077024,0,0,50077024,0,0,0,false,
TRIAL5-HSX-ROTATION-LONG-GRID,wf_10,2024-07-23,VPB,50077024,0,0,50077024,0,0,0,false,
TRIAL5-HSX-ROTATION-LONG-GRID,wf_10,2024-07-24,VPB,50077024,0,0,50077024,0,0,0,false,
TRIAL5-HSX-ROTATION-LONG-GRID,wf_10,2024-07-25,VPB,50077024,0,0,50077024,0,0,0,false,
TRIAL5-HSX-ROTATION-LONG-GRID,wf_10,2024-07-26,VPB,50077024,0,0,50077024,0,0,0,false,
TRIAL5-HSX-ROTATION-LONG-GRID,wf_10,2024-07-29,VPB,50077024,0,0,50077024,0,0,0,false,
TRIAL5-HSX-ROTATION-LONG-GRID,wf_10,2024-07-30,VPB,50077024,0,0,50077024,0,0,0,false,
TRIAL5-HSX-ROTATION-LONG-GRID,wf_10,2024-07-31,VPB,50077024,0,0,50077024,0,0,0,false,
TRIAL5-HSX-ROTATION-LONG-GRID,wf_10,2024-08-01,VPB,50077024,0,0,50077024,0,0,0,false,
TRIAL5-HSX-ROTATION-LONG-GRID,wf_10,2024-08-02,VPB,50077024,0,0,50077024,0,0,0,false,
TRIAL5-HSX-ROTATION-LONG-GRID,wf_10,2024-08-05,VPB,42826164,0,7221900,50048064,400,0,400,false,
TRIAL5-HSX-ROTATION-LONG-GRID,wf_10,2024-08-06,VPB,42826164,0,7301700,50127864,400,0,400,false,
TRIAL5-HSX-ROTATION-LONG-GRID,wf_10,2024-08-07,VPB,42826164,0,7162050,49988214,400,400,0,false,
TRIAL5-HSX-ROTATION-LONG-GRID,wf_10,2024-08-08,VPB,42826164,0,7102200,49928364,400,400,0,false,
TRIAL5-HSX-ROTATION-LONG-GRID,wf_10,2024-08-09,VPB,42826164,0,7162050,49988214,400,400,0,false,
TRIAL5-HSX-ROTATION-LONG-GRID,wf_10,2024-08-12,VPB,42826164,0,7221900,50048064,400,400,0,false,
TRIAL5-HSX-ROTATION-LONG-GRID,wf_10,2024-08-13,VPB,42826164,0,7221900,50048064,400,400,0,false,
TRIAL5-HSX-ROTATION-LONG-GRID,wf_10,2024-08-14,VPB,42826164,0,7162050,49988214,400,400,0,false,
TRIAL5-HSX-ROTATION-LONG-GRID,wf_10,2024-08-15,VPB,42826164,0,7162050,49988214,400,400,0,false,
TRIAL5-HSX-ROTATION-LONG-GRID,wf_10,2024-08-16,VPB,42826164,0,7321650,50147814,400,400,0,false,
TRIAL5-HSX-ROTATION-LONG-GRID,wf_10,2024-08-19,VPB,42826164,0,7341600,50167764,400,400,0,false,
TRIAL5-HSX-ROTATION-LONG-GRID,wf_10,2024-08-20,VPB,42826164,0,7401450,50227614,400,400,0,false,
TRIAL5-HSX-ROTATION-LONG-GRID,wf_10,2024-08-21,VPB,42826164,7441350,0,50267514,0,0,0,false,
TRIAL5-HSX-ROTATION-LONG-GRID,wf_10,2024-08-22,VPB,42826164,7441350,0,50267514,0,0,0,false,
TRIAL5-HSX-ROTATION-LONG-GRID,wf_10,2024-08-23,VPB,50267514,0,0,50267514,0,0,0,false,
TRIAL5-HSX-ROTATION-LONG-GRID,wf_10,2024-08-26,VPB,50267514,0,0,50267514,0,0,0,false,
TRIAL5-HSX-ROTATION-LONG-GRID,wf_10,2024-08-27,VPB,50267514,0,0,50267514,0,0,0,false,
TRIAL5-HSX-ROTATION-LONG-GRID,wf_10,2024-08-28,VPB,50267514,0,0,50267514,0,0,0,true,scheduled_rotation_exit
TRIAL5-HSX-ROTATION-LONG-GRID,wf_10,2024-08-29,VPB,50267514,0,0,50267514,0,0,0,true,scheduled_rotation_exit
TRIAL5-HSX-ROTATION-LONG-GRID,wf_10,2024-08-30,VPB,50267514,0,0,50267514,0,0,0,true,scheduled_rotation_exit
TRIAL5-HSX-ROTATION-LONG-GRID,wf_11,2024-09-04,MWG,50172269,0,0,50172269,0,0,0,false,
TRIAL5-HSX-ROTATION-LONG-GRID,wf_11,2024-09-05,MWG,43332024,0,6763050,50095074,100,0,100,false,
TRIAL5-HSX-ROTATION-LONG-GRID,wf_11,2024-09-06,MWG,43332024,0,6773025,50105049,100,0,100,false,
TRIAL5-HSX-ROTATION-LONG-GRID,wf_11,2024-09-09,MWG,43332024,0,6723150,50055174,100,100,0,false,
TRIAL5-HSX-ROTATION-LONG-GRID,wf_11,2024-09-10,MWG,43332024,0,6753075,50085099,100,100,0,false,
TRIAL5-HSX-ROTATION-LONG-GRID,wf_11,2024-09-11,MWG,43332024,0,6753075,50085099,100,100,0,false,
TRIAL5-HSX-ROTATION-LONG-GRID,wf_11,2024-09-12,MWG,43332024,0,6723150,50055174,100,100,0,false,
TRIAL5-HSX-ROTATION-LONG-GRID,wf_11,2024-09-13,MWG,43332024,0,6693225,50025249,100,100,0,false,
TRIAL5-HSX-ROTATION-LONG-GRID,wf_11,2024-09-16,MWG,43332024,0,6583500,49915524,100,100,0,false,
TRIAL5-HSX-ROTATION-LONG-GRID,wf_11,2024-09-17,MWG,43332024,0,6653325,49985349,100,100,0,false,
TRIAL5-HSX-ROTATION-LONG-GRID,wf_11,2024-09-18,MWG,43332024,0,6792975,50124999,100,100,0,false,
TRIAL5-HSX-ROTATION-LONG-GRID,wf_11,2024-09-19,MWG,43332024,0,6792975,50124999,100,100,0,false,
TRIAL5-HSX-ROTATION-LONG-GRID,wf_11,2024-09-20,MWG,43332024,0,6773025,50105049,100,100,0,false,
TRIAL5-HSX-ROTATION-LONG-GRID,wf_11,2024-09-23,MWG,43332024,0,6703200,50035224,100,100,0,false,
TRIAL5-HSX-ROTATION-LONG-GRID,wf_11,2024-09-24,MWG,43332024,0,6783000,50115024,100,100,0,false,
TRIAL5-HSX-ROTATION-LONG-GRID,wf_11,2024-09-25,MWG,43332024,0,6842850,50174874,100,100,0,false,
TRIAL5-HSX-ROTATION-LONG-GRID,wf_11,2024-09-26,MWG,43332024,0,6802950,50134974,100,100,0,false,
TRIAL5-HSX-ROTATION-LONG-GRID,wf_11,2024-09-27,MWG,43332024,0,6723150,50055174,100,100,0,false,
TRIAL5-HSX-ROTATION-LONG-GRID,wf_11,2024-09-30,MWG,43332024,0,6783000,50115024,100,100,0,false,
TRIAL5-HSX-ROTATION-LONG-GRID,wf_11,2024-10-01,MWG,43332024,0,6753075,50085099,100,100,0,false,
TRIAL5-HSX-ROTATION-LONG-GRID,wf_11,2024-10-02,MWG,43332024,0,6713175,50045199,100,100,0,false,
TRIAL5-HSX-ROTATION-LONG-GRID,wf_11,2024-10-03,MWG,43332024,0,6603450,49935474,100,100,0,false,
TRIAL5-HSX-ROTATION-LONG-GRID,wf_11,2024-10-04,MWG,43332024,0,6613425,49945449,100,100,0,false,
TRIAL5-HSX-ROTATION-LONG-GRID,wf_11,2024-10-07,MWG,43332024,0,6603450,49935474,100,100,0,false,
TRIAL5-HSX-ROTATION-LONG-GRID,wf_11,2024-10-08,MWG,43332024,0,6493725,49825749,100,100,0,false,
TRIAL5-HSX-ROTATION-LONG-GRID,wf_11,2024-10-09,MWG,43332024,6473775,0,49805799,0,0,0,true,prior_close_below_grid
TRIAL5-HSX-ROTATION-LONG-GRID,wf_11,2024-10-10,MWG,43332024,6473775,0,49805799,0,0,0,true,prior_close_below_grid
TRIAL5-HSX-ROTATION-LONG-GRID,wf_11,2024-10-11,MWG,49805799,0,0,49805799,0,0,0,true,prior_close_below_grid
TRIAL5-HSX-ROTATION-LONG-GRID,wf_11,2024-10-14,MWG,49805799,0,0,49805799,0,0,0,true,prior_close_below_grid
TRIAL5-HSX-ROTATION-LONG-GRID,wf_11,2024-10-15,MWG,49805799,0,0,49805799,0,0,0,true,prior_close_below_grid
TRIAL5-HSX-ROTATION-LONG-GRID,wf_11,2024-10-16,MWG,49805799,0,0,49805799,0,0,0,true,prior_close_below_grid
TRIAL5-HSX-ROTATION-LONG-GRID,wf_11,2024-10-17,MWG,49805799,0,0,49805799,0,0,0,true,prior_close_below_grid
TRIAL5-HSX-ROTATION-LONG-GRID,wf_11,2024-10-18,MWG,49805799,0,0,49805799,0,0,0,true,prior_close_below_grid
TRIAL5-HSX-ROTATION-LONG-GRID,wf_11,2024-10-21,MWG,49805799,0,0,49805799,0,0,0,true,prior_close_below_grid
TRIAL5-HSX-ROTATION-LONG-GRID,wf_11,2024-10-22,MWG,49805799,0,0,49805799,0,0,0,true,prior_close_below_grid
TRIAL5-HSX-ROTATION-LONG-GRID,wf_11,2024-10-23,MWG,49805799,0,0,49805799,0,0,0,true,prior_close_below_grid
TRIAL5-HSX-ROTATION-LONG-GRID,wf_11,2024-10-24,MWG,49805799,0,0,49805799,0,0,0,true,prior_close_below_grid
TRIAL5-HSX-ROTATION-LONG-GRID,wf_11,2024-10-25,MWG,49805799,0,0,49805799,0,0,0,true,prior_close_below_grid
TRIAL5-HSX-ROTATION-LONG-GRID,wf_11,2024-10-28,MWG,49805799,0,0,49805799,0,0,0,true,prior_close_below_grid
TRIAL5-HSX-ROTATION-LONG-GRID,wf_11,2024-10-29,MWG,49805799,0,0,49805799,0,0,0,true,prior_close_below_grid
TRIAL5-HSX-ROTATION-LONG-GRID,wf_11,2024-10-30,MWG,49805799,0,0,49805799,0,0,0,true,prior_close_below_grid
TRIAL5-HSX-ROTATION-LONG-GRID,wf_11,2024-10-31,MWG,49805799,0,0,49805799,0,0,0,true,prior_close_below_grid
TRIAL5-HSX-ROTATION-LONG-GRID,wf_11,2024-09-04,HPG,50172269,0,0,50172269,0,0,0,false,
TRIAL5-HSX-ROTATION-LONG-GRID,wf_11,2024-09-05,HPG,50172269,0,0,50172269,0,0,0,false,
TRIAL5-HSX-ROTATION-LONG-GRID,wf_11,2024-09-06,HPG,50172269,0,0,50172269,0,0,0,false,
TRIAL5-HSX-ROTATION-LONG-GRID,wf_11,2024-09-09,HPG,50172269,0,0,50172269,0,0,0,false,
TRIAL5-HSX-ROTATION-LONG-GRID,wf_11,2024-09-10,HPG,50172269,0,0,50172269,0,0,0,false,
TRIAL5-HSX-ROTATION-LONG-GRID,wf_11,2024-09-11,HPG,50172269,0,0,50172269,0,0,0,false,
TRIAL5-HSX-ROTATION-LONG-GRID,wf_11,2024-09-12,HPG,50172269,0,0,50172269,0,0,0,false,
TRIAL5-HSX-ROTATION-LONG-GRID,wf_11,2024-09-13,HPG,50172269,0,0,50172269,0,0,0,false,
TRIAL5-HSX-ROTATION-LONG-GRID,wf_11,2024-09-16,HPG,50172269,0,0,50172269,0,0,0,false,
TRIAL5-HSX-ROTATION-LONG-GRID,wf_11,2024-09-17,HPG,50172269,0,0,50172269,0,0,0,false,
TRIAL5-HSX-ROTATION-LONG-GRID,wf_11,2024-09-18,HPG,50172269,0,0,50172269,0,0,0,false,
TRIAL5-HSX-ROTATION-LONG-GRID,wf_11,2024-09-19,HPG,50172269,0,0,50172269,0,0,0,false,
TRIAL5-HSX-ROTATION-LONG-GRID,wf_11,2024-09-20,HPG,50172269,0,0,50172269,0,0,0,false,
TRIAL5-HSX-ROTATION-LONG-GRID,wf_11,2024-09-23,HPG,50172269,0,0,50172269,0,0,0,false,
TRIAL5-HSX-ROTATION-LONG-GRID,wf_11,2024-09-24,HPG,50172269,0,0,50172269,0,0,0,false,
TRIAL5-HSX-ROTATION-LONG-GRID,wf_11,2024-09-25,HPG,50172269,0,0,50172269,0,0,0,false,
TRIAL5-HSX-ROTATION-LONG-GRID,wf_11,2024-09-26,HPG,50172269,0,0,50172269,0,0,0,false,
TRIAL5-HSX-ROTATION-LONG-GRID,wf_11,2024-09-27,HPG,50172269,0,0,50172269,0,0,0,false,
TRIAL5-HSX-ROTATION-LONG-GRID,wf_11,2024-09-30,HPG,50172269,0,0,50172269,0,0,0,false,
TRIAL5-HSX-ROTATION-LONG-GRID,wf_11,2024-10-01,HPG,50172269,0,0,50172269,0,0,0,false,
TRIAL5-HSX-ROTATION-LONG-GRID,wf_11,2024-10-02,HPG,50172269,0,0,50172269,0,0,0,false,
TRIAL5-HSX-ROTATION-LONG-GRID,wf_11,2024-10-03,HPG,50172269,0,0,50172269,0,0,0,false,
TRIAL5-HSX-ROTATION-LONG-GRID,wf_11,2024-10-04,HPG,50172269,0,0,50172269,0,0,0,false,
TRIAL5-HSX-ROTATION-LONG-GRID,wf_11,2024-10-07,HPG,50172269,0,0,50172269,0,0,0,false,
TRIAL5-HSX-ROTATION-LONG-GRID,wf_11,2024-10-08,HPG,50172269,0,0,50172269,0,0,0,false,
TRIAL5-HSX-ROTATION-LONG-GRID,wf_11,2024-10-09,HPG,50172269,0,0,50172269,0,0,0,false,
TRIAL5-HSX-ROTATION-LONG-GRID,wf_11,2024-10-10,HPG,50172269,0,0,50172269,0,0,0,false,
TRIAL5-HSX-ROTATION-LONG-GRID,wf_11,2024-10-11,HPG,50172269,0,0,50172269,0,0,0,false,
TRIAL5-HSX-ROTATION-LONG-GRID,wf_11,2024-10-14,HPG,50172269,0,0,50172269,0,0,0,false,
TRIAL5-HSX-ROTATION-LONG-GRID,wf_11,2024-10-15,HPG,50172269,0,0,50172269,0,0,0,false,
TRIAL5-HSX-ROTATION-LONG-GRID,wf_11,2024-10-16,HPG,50172269,0,0,50172269,0,0,0,false,
TRIAL5-HSX-ROTATION-LONG-GRID,wf_11,2024-10-17,HPG,50172269,0,0,50172269,0,0,0,false,
TRIAL5-HSX-ROTATION-LONG-GRID,wf_11,2024-10-18,HPG,50172269,0,0,50172269,0,0,0,false,
TRIAL5-HSX-ROTATION-LONG-GRID,wf_11,2024-10-21,HPG,50172269,0,0,50172269,0,0,0,false,
TRIAL5-HSX-ROTATION-LONG-GRID,wf_11,2024-10-22,HPG,50172269,0,0,50172269,0,0,0,false,
TRIAL5-HSX-ROTATION-LONG-GRID,wf_11,2024-10-23,HPG,50172269,0,0,50172269,0,0,0,false,
TRIAL5-HSX-ROTATION-LONG-GRID,wf_11,2024-10-24,HPG,50172269,0,0,50172269,0,0,0,false,
TRIAL5-HSX-ROTATION-LONG-GRID,wf_11,2024-10-25,HPG,50172269,0,0,50172269,0,0,0,false,
TRIAL5-HSX-ROTATION-LONG-GRID,wf_11,2024-10-28,HPG,50172269,0,0,50172269,0,0,0,false,
TRIAL5-HSX-ROTATION-LONG-GRID,wf_11,2024-10-29,HPG,50172269,0,0,50172269,0,0,0,true,scheduled_rotation_exit
TRIAL5-HSX-ROTATION-LONG-GRID,wf_11,2024-10-30,HPG,50172269,0,0,50172269,0,0,0,true,scheduled_rotation_exit
TRIAL5-HSX-ROTATION-LONG-GRID,wf_11,2024-10-31,HPG,50172269,0,0,50172269,0,0,0,true,scheduled_rotation_exit
TRIAL5-HSX-ROTATION-LONG-GRID,wf_12,2024-11-01,TCB,49989034,0,0,49989034,0,0,0,false,
TRIAL5-HSX-ROTATION-LONG-GRID,wf_12,2024-11-04,TCB,49989034,0,0,49989034,0,0,0,false,
TRIAL5-HSX-ROTATION-LONG-GRID,wf_12,2024-11-05,TCB,49989034,0,0,49989034,0,0,0,false,
TRIAL5-HSX-ROTATION-LONG-GRID,wf_12,2024-11-06,TCB,49989034,0,0,49989034,0,0,0,false,
TRIAL5-HSX-ROTATION-LONG-GRID,wf_12,2024-11-07,TCB,49989034,0,0,49989034,0,0,0,false,
TRIAL5-HSX-ROTATION-LONG-GRID,wf_12,2024-11-08,TCB,42928459,0,7047337,49975796,300,0,300,false,
TRIAL5-HSX-ROTATION-LONG-GRID,wf_12,2024-11-11,TCB,42928459,0,6927637,49856096,300,0,300,false,
TRIAL5-HSX-ROTATION-LONG-GRID,wf_12,2024-11-12,TCB,42928459,0,6882750,49811209,300,300,0,false,
TRIAL5-HSX-ROTATION-LONG-GRID,wf_12,2024-11-13,TCB,42928459,0,6912675,49841134,300,300,0,false,
TRIAL5-HSX-ROTATION-LONG-GRID,wf_12,2024-11-14,TCB,42928459,0,6807937,49736396,300,300,0,false,
TRIAL5-HSX-ROTATION-LONG-GRID,wf_12,2024-11-15,TCB,42928459,6792975,0,49721434,0,0,0,true,prior_close_below_grid
TRIAL5-HSX-ROTATION-LONG-GRID,wf_12,2024-11-18,TCB,42928459,6792975,0,49721434,0,0,0,true,prior_close_below_grid
TRIAL5-HSX-ROTATION-LONG-GRID,wf_12,2024-11-19,TCB,49721434,0,0,49721434,0,0,0,true,prior_close_below_grid
TRIAL5-HSX-ROTATION-LONG-GRID,wf_12,2024-11-20,TCB,49721434,0,0,49721434,0,0,0,true,prior_close_below_grid
TRIAL5-HSX-ROTATION-LONG-GRID,wf_12,2024-11-21,TCB,49721434,0,0,49721434,0,0,0,true,prior_close_below_grid
TRIAL5-HSX-ROTATION-LONG-GRID,wf_12,2024-11-22,TCB,49721434,0,0,49721434,0,0,0,true,prior_close_below_grid
TRIAL5-HSX-ROTATION-LONG-GRID,wf_12,2024-11-25,TCB,49721434,0,0,49721434,0,0,0,true,prior_close_below_grid
TRIAL5-HSX-ROTATION-LONG-GRID,wf_12,2024-11-26,TCB,49721434,0,0,49721434,0,0,0,true,prior_close_below_grid
TRIAL5-HSX-ROTATION-LONG-GRID,wf_12,2024-11-27,TCB,49721434,0,0,49721434,0,0,0,true,prior_close_below_grid
TRIAL5-HSX-ROTATION-LONG-GRID,wf_12,2024-11-28,TCB,49721434,0,0,49721434,0,0,0,true,prior_close_below_grid
TRIAL5-HSX-ROTATION-LONG-GRID,wf_12,2024-11-29,TCB,49721434,0,0,49721434,0,0,0,true,prior_close_below_grid
TRIAL5-HSX-ROTATION-LONG-GRID,wf_12,2024-12-02,TCB,49721434,0,0,49721434,0,0,0,true,prior_close_below_grid
TRIAL5-HSX-ROTATION-LONG-GRID,wf_12,2024-12-03,TCB,49721434,0,0,49721434,0,0,0,true,prior_close_below_grid
TRIAL5-HSX-ROTATION-LONG-GRID,wf_12,2024-12-04,TCB,49721434,0,0,49721434,0,0,0,true,prior_close_below_grid
TRIAL5-HSX-ROTATION-LONG-GRID,wf_12,2024-12-05,TCB,49721434,0,0,49721434,0,0,0,true,prior_close_below_grid
TRIAL5-HSX-ROTATION-LONG-GRID,wf_12,2024-12-06,TCB,49721434,0,0,49721434,0,0,0,true,prior_close_below_grid
TRIAL5-HSX-ROTATION-LONG-GRID,wf_12,2024-12-09,TCB,49721434,0,0,49721434,0,0,0,true,prior_close_below_grid
TRIAL5-HSX-ROTATION-LONG-GRID,wf_12,2024-12-10,TCB,49721434,0,0,49721434,0,0,0,true,prior_close_below_grid
TRIAL5-HSX-ROTATION-LONG-GRID,wf_12,2024-12-11,TCB,49721434,0,0,49721434,0,0,0,true,prior_close_below_grid
TRIAL5-HSX-ROTATION-LONG-GRID,wf_12,2024-12-12,TCB,49721434,0,0,49721434,0,0,0,true,prior_close_below_grid
TRIAL5-HSX-ROTATION-LONG-GRID,wf_12,2024-12-13,TCB,49721434,0,0,49721434,0,0,0,true,prior_close_below_grid
TRIAL5-HSX-ROTATION-LONG-GRID,wf_12,2024-12-16,TCB,49721434,0,0,49721434,0,0,0,true,prior_close_below_grid
TRIAL5-HSX-ROTATION-LONG-GRID,wf_12,2024-12-17,TCB,49721434,0,0,49721434,0,0,0,true,prior_close_below_grid
TRIAL5-HSX-ROTATION-LONG-GRID,wf_12,2024-12-18,TCB,49721434,0,0,49721434,0,0,0,true,prior_close_below_grid
TRIAL5-HSX-ROTATION-LONG-GRID,wf_12,2024-12-19,TCB,49721434,0,0,49721434,0,0,0,true,prior_close_below_grid
TRIAL5-HSX-ROTATION-LONG-GRID,wf_12,2024-12-20,TCB,49721434,0,0,49721434,0,0,0,true,prior_close_below_grid
TRIAL5-HSX-ROTATION-LONG-GRID,wf_12,2024-12-23,TCB,49721434,0,0,49721434,0,0,0,true,prior_close_below_grid
TRIAL5-HSX-ROTATION-LONG-GRID,wf_12,2024-12-24,TCB,49721434,0,0,49721434,0,0,0,true,prior_close_below_grid
TRIAL5-HSX-ROTATION-LONG-GRID,wf_12,2024-12-25,TCB,49721434,0,0,49721434,0,0,0,true,prior_close_below_grid
TRIAL5-HSX-ROTATION-LONG-GRID,wf_12,2024-12-26,TCB,49721434,0,0,49721434,0,0,0,true,prior_close_below_grid
TRIAL5-HSX-ROTATION-LONG-GRID,wf_12,2024-12-27,TCB,49721434,0,0,49721434,0,0,0,true,prior_close_below_grid
TRIAL5-HSX-ROTATION-LONG-GRID,wf_12,2024-12-30,TCB,49721434,0,0,49721434,0,0,0,true,prior_close_below_grid
TRIAL5-HSX-ROTATION-LONG-GRID,wf_12,2024-12-31,TCB,49721434,0,0,49721434,0,0,0,true,prior_close_below_grid
TRIAL5-HSX-ROTATION-LONG-GRID,wf_12,2024-11-01,VND,49989034,0,0,49989034,0,0,0,false,
TRIAL5-HSX-ROTATION-LONG-GRID,wf_12,2024-11-04,VND,49989034,0,0,49989034,0,0,0,false,
TRIAL5-HSX-ROTATION-LONG-GRID,wf_12,2024-11-05,VND,49989034,0,0,49989034,0,0,0,false,
TRIAL5-HSX-ROTATION-LONG-GRID,wf_12,2024-11-06,VND,49989034,0,0,49989034,0,0,0,false,
TRIAL5-HSX-ROTATION-LONG-GRID,wf_12,2024-11-07,VND,49989034,0,0,49989034,0,0,0,false,
TRIAL5-HSX-ROTATION-LONG-GRID,wf_12,2024-11-08,VND,49989034,0,0,49989034,0,0,0,false,
TRIAL5-HSX-ROTATION-LONG-GRID,wf_12,2024-11-11,VND,49989034,0,0,49989034,0,0,0,false,
TRIAL5-HSX-ROTATION-LONG-GRID,wf_12,2024-11-12,VND,49989034,0,0,49989034,0,0,0,false,
TRIAL5-HSX-ROTATION-LONG-GRID,wf_12,2024-11-13,VND,49989034,0,0,49989034,0,0,0,false,
TRIAL5-HSX-ROTATION-LONG-GRID,wf_12,2024-11-14,VND,49989034,0,0,49989034,0,0,0,false,
TRIAL5-HSX-ROTATION-LONG-GRID,wf_12,2024-11-15,VND,49989034,0,0,49989034,0,0,0,false,
TRIAL5-HSX-ROTATION-LONG-GRID,wf_12,2024-11-18,VND,49989034,0,0,49989034,0,0,0,false,
TRIAL5-HSX-ROTATION-LONG-GRID,wf_12,2024-11-19,VND,49989034,0,0,49989034,0,0,0,false,
TRIAL5-HSX-ROTATION-LONG-GRID,wf_12,2024-11-20,VND,49989034,0,0,49989034,0,0,0,false,
TRIAL5-HSX-ROTATION-LONG-GRID,wf_12,2024-11-21,VND,49989034,0,0,49989034,0,0,0,false,
TRIAL5-HSX-ROTATION-LONG-GRID,wf_12,2024-11-22,VND,49989034,0,0,49989034,0,0,0,false,
TRIAL5-HSX-ROTATION-LONG-GRID,wf_12,2024-11-25,VND,49989034,0,0,49989034,0,0,0,false,
TRIAL5-HSX-ROTATION-LONG-GRID,wf_12,2024-11-26,VND,49989034,0,0,49989034,0,0,0,false,
TRIAL5-HSX-ROTATION-LONG-GRID,wf_12,2024-11-27,VND,49989034,0,0,49989034,0,0,0,false,
TRIAL5-HSX-ROTATION-LONG-GRID,wf_12,2024-11-28,VND,49989034,0,0,49989034,0,0,0,false,
TRIAL5-HSX-ROTATION-LONG-GRID,wf_12,2024-11-29,VND,49989034,0,0,49989034,0,0,0,false,
TRIAL5-HSX-ROTATION-LONG-GRID,wf_12,2024-12-02,VND,49989034,0,0,49989034,0,0,0,false,
TRIAL5-HSX-ROTATION-LONG-GRID,wf_12,2024-12-03,VND,49989034,0,0,49989034,0,0,0,false,
TRIAL5-HSX-ROTATION-LONG-GRID,wf_12,2024-12-04,VND,49989034,0,0,49989034,0,0,0,false,
TRIAL5-HSX-ROTATION-LONG-GRID,wf_12,2024-12-05,VND,49989034,0,0,49989034,0,0,0,true,prior_close_below_grid
TRIAL5-HSX-ROTATION-LONG-GRID,wf_12,2024-12-06,VND,49989034,0,0,49989034,0,0,0,true,prior_close_below_grid
TRIAL5-HSX-ROTATION-LONG-GRID,wf_12,2024-12-09,VND,49989034,0,0,49989034,0,0,0,true,prior_close_below_grid
TRIAL5-HSX-ROTATION-LONG-GRID,wf_12,2024-12-10,VND,49989034,0,0,49989034,0,0,0,true,prior_close_below_grid
TRIAL5-HSX-ROTATION-LONG-GRID,wf_12,2024-12-11,VND,49989034,0,0,49989034,0,0,0,true,prior_close_below_grid
TRIAL5-HSX-ROTATION-LONG-GRID,wf_12,2024-12-12,VND,49989034,0,0,49989034,0,0,0,true,prior_close_below_grid
TRIAL5-HSX-ROTATION-LONG-GRID,wf_12,2024-12-13,VND,49989034,0,0,49989034,0,0,0,true,prior_close_below_grid
TRIAL5-HSX-ROTATION-LONG-GRID,wf_12,2024-12-16,VND,49989034,0,0,49989034,0,0,0,true,prior_close_below_grid
TRIAL5-HSX-ROTATION-LONG-GRID,wf_12,2024-12-17,VND,49989034,0,0,49989034,0,0,0,true,prior_close_below_grid
TRIAL5-HSX-ROTATION-LONG-GRID,wf_12,2024-12-18,VND,49989034,0,0,49989034,0,0,0,true,prior_close_below_grid
TRIAL5-HSX-ROTATION-LONG-GRID,wf_12,2024-12-19,VND,49989034,0,0,49989034,0,0,0,true,prior_close_below_grid
TRIAL5-HSX-ROTATION-LONG-GRID,wf_12,2024-12-20,VND,49989034,0,0,49989034,0,0,0,true,prior_close_below_grid
TRIAL5-HSX-ROTATION-LONG-GRID,wf_12,2024-12-23,VND,49989034,0,0,49989034,0,0,0,true,prior_close_below_grid
TRIAL5-HSX-ROTATION-LONG-GRID,wf_12,2024-12-24,VND,49989034,0,0,49989034,0,0,0,true,prior_close_below_grid
TRIAL5-HSX-ROTATION-LONG-GRID,wf_12,2024-12-25,VND,49989034,0,0,49989034,0,0,0,true,prior_close_below_grid
TRIAL5-HSX-ROTATION-LONG-GRID,wf_12,2024-12-26,VND,49989034,0,0,49989034,0,0,0,true,prior_close_below_grid
TRIAL5-HSX-ROTATION-LONG-GRID,wf_12,2024-12-27,VND,49989034,0,0,49989034,0,0,0,true,prior_close_below_grid
TRIAL5-HSX-ROTATION-LONG-GRID,wf_12,2024-12-30,VND,49989034,0,0,49989034,0,0,0,true,prior_close_below_grid
TRIAL5-HSX-ROTATION-LONG-GRID,wf_12,2024-12-31,VND,49989034,0,0,49989034,0,0,0,true,prior_close_below_grid
TRIAL5-HSX-ROTATION-LONG-GRID,wf_13,2025-01-02,TCB,49855234,0,0,49855234,0,0,0,false,
TRIAL5-HSX-ROTATION-LONG-GRID,wf_13,2025-01-03,TCB,42569321,0,7047337,49616658,300,0,300,false,
TRIAL5-HSX-ROTATION-LONG-GRID,wf_13,2025-01-06,TCB,42569321,0,7047337,49616658,300,0,300,false,
TRIAL5-HSX-ROTATION-LONG-GRID,wf_13,2025-01-07,TCB,42569321,0,7062300,49631621,300,300,0,false,
TRIAL5-HSX-ROTATION-LONG-GRID,wf_13,2025-01-08,TCB,42569321,0,7152075,49721396,300,300,0,false,
TRIAL5-HSX-ROTATION-LONG-GRID,wf_13,2025-01-09,TCB,42569321,0,7152075,49721396,300,300,0,false,
TRIAL5-HSX-ROTATION-LONG-GRID,wf_13,2025-01-10,TCB,42569321,0,6987487,49556808,300,300,0,false,
TRIAL5-HSX-ROTATION-LONG-GRID,wf_13,2025-01-13,TCB,42569321,6927637,0,49496958,0,0,0,true,prior_close_below_grid
TRIAL5-HSX-ROTATION-LONG-GRID,wf_13,2025-01-14,TCB,42569321,6927637,0,49496958,0,0,0,true,prior_close_below_grid
TRIAL5-HSX-ROTATION-LONG-GRID,wf_13,2025-01-15,TCB,49496958,0,0,49496958,0,0,0,true,prior_close_below_grid
TRIAL5-HSX-ROTATION-LONG-GRID,wf_13,2025-01-16,TCB,49496958,0,0,49496958,0,0,0,true,prior_close_below_grid
TRIAL5-HSX-ROTATION-LONG-GRID,wf_13,2025-01-17,TCB,49496958,0,0,49496958,0,0,0,true,prior_close_below_grid
TRIAL5-HSX-ROTATION-LONG-GRID,wf_13,2025-01-20,TCB,49496958,0,0,49496958,0,0,0,true,prior_close_below_grid
TRIAL5-HSX-ROTATION-LONG-GRID,wf_13,2025-01-21,TCB,49496958,0,0,49496958,0,0,0,true,prior_close_below_grid
TRIAL5-HSX-ROTATION-LONG-GRID,wf_13,2025-01-22,TCB,49496958,0,0,49496958,0,0,0,true,prior_close_below_grid
TRIAL5-HSX-ROTATION-LONG-GRID,wf_13,2025-01-23,TCB,49496958,0,0,49496958,0,0,0,true,prior_close_below_grid
TRIAL5-HSX-ROTATION-LONG-GRID,wf_13,2025-01-24,TCB,49496958,0,0,49496958,0,0,0,true,prior_close_below_grid
TRIAL5-HSX-ROTATION-LONG-GRID,wf_13,2025-02-03,TCB,49496958,0,0,49496958,0,0,0,true,prior_close_below_grid
TRIAL5-HSX-ROTATION-LONG-GRID,wf_13,2025-02-04,TCB,49496958,0,0,49496958,0,0,0,true,prior_close_below_grid
TRIAL5-HSX-ROTATION-LONG-GRID,wf_13,2025-02-05,TCB,49496958,0,0,49496958,0,0,0,true,prior_close_below_grid
TRIAL5-HSX-ROTATION-LONG-GRID,wf_13,2025-02-06,TCB,49496958,0,0,49496958,0,0,0,true,prior_close_below_grid
TRIAL5-HSX-ROTATION-LONG-GRID,wf_13,2025-02-07,TCB,49496958,0,0,49496958,0,0,0,true,prior_close_below_grid
TRIAL5-HSX-ROTATION-LONG-GRID,wf_13,2025-02-10,TCB,49496958,0,0,49496958,0,0,0,true,prior_close_below_grid
TRIAL5-HSX-ROTATION-LONG-GRID,wf_13,2025-02-11,TCB,49496958,0,0,49496958,0,0,0,true,prior_close_below_grid
TRIAL5-HSX-ROTATION-LONG-GRID,wf_13,2025-02-12,TCB,49496958,0,0,49496958,0,0,0,true,prior_close_below_grid
TRIAL5-HSX-ROTATION-LONG-GRID,wf_13,2025-02-13,TCB,49496958,0,0,49496958,0,0,0,true,prior_close_below_grid
TRIAL5-HSX-ROTATION-LONG-GRID,wf_13,2025-02-14,TCB,49496958,0,0,49496958,0,0,0,true,prior_close_below_grid
TRIAL5-HSX-ROTATION-LONG-GRID,wf_13,2025-02-17,TCB,49496958,0,0,49496958,0,0,0,true,prior_close_below_grid
TRIAL5-HSX-ROTATION-LONG-GRID,wf_13,2025-02-18,TCB,49496958,0,0,49496958,0,0,0,true,prior_close_below_grid
TRIAL5-HSX-ROTATION-LONG-GRID,wf_13,2025-02-19,TCB,49496958,0,0,49496958,0,0,0,true,prior_close_below_grid
TRIAL5-HSX-ROTATION-LONG-GRID,wf_13,2025-02-20,TCB,49496958,0,0,49496958,0,0,0,true,prior_close_below_grid
TRIAL5-HSX-ROTATION-LONG-GRID,wf_13,2025-02-21,TCB,49496958,0,0,49496958,0,0,0,true,prior_close_below_grid
TRIAL5-HSX-ROTATION-LONG-GRID,wf_13,2025-02-24,TCB,49496958,0,0,49496958,0,0,0,true,prior_close_below_grid
TRIAL5-HSX-ROTATION-LONG-GRID,wf_13,2025-02-25,TCB,49496958,0,0,49496958,0,0,0,true,prior_close_below_grid
TRIAL5-HSX-ROTATION-LONG-GRID,wf_13,2025-02-26,TCB,49496958,0,0,49496958,0,0,0,true,prior_close_below_grid
TRIAL5-HSX-ROTATION-LONG-GRID,wf_13,2025-02-27,TCB,49496958,0,0,49496958,0,0,0,true,prior_close_below_grid
TRIAL5-HSX-ROTATION-LONG-GRID,wf_13,2025-02-28,TCB,49496958,0,0,49496958,0,0,0,true,prior_close_below_grid
TRIAL5-HSX-ROTATION-LONG-GRID,wf_13,2025-01-02,HPG,49855234,0,0,49855234,0,0,0,false,
TRIAL5-HSX-ROTATION-LONG-GRID,wf_13,2025-01-03,HPG,49855234,0,0,49855234,0,0,0,false,
TRIAL5-HSX-ROTATION-LONG-GRID,wf_13,2025-01-06,HPG,49855234,0,0,49855234,0,0,0,false,
TRIAL5-HSX-ROTATION-LONG-GRID,wf_13,2025-01-07,HPG,49855234,0,0,49855234,0,0,0,false,
TRIAL5-HSX-ROTATION-LONG-GRID,wf_13,2025-01-08,HPG,49855234,0,0,49855234,0,0,0,false,
TRIAL5-HSX-ROTATION-LONG-GRID,wf_13,2025-01-09,HPG,49855234,0,0,49855234,0,0,0,false,
TRIAL5-HSX-ROTATION-LONG-GRID,wf_13,2025-01-10,HPG,49855234,0,0,49855234,0,0,0,false,
TRIAL5-HSX-ROTATION-LONG-GRID,wf_13,2025-01-13,HPG,49855234,0,0,49855234,0,0,0,false,
TRIAL5-HSX-ROTATION-LONG-GRID,wf_13,2025-01-14,HPG,49855234,0,0,49855234,0,0,0,false,
TRIAL5-HSX-ROTATION-LONG-GRID,wf_13,2025-01-15,HPG,49855234,0,0,49855234,0,0,0,false,
TRIAL5-HSX-ROTATION-LONG-GRID,wf_13,2025-01-16,HPG,49855234,0,0,49855234,0,0,0,false,
TRIAL5-HSX-ROTATION-LONG-GRID,wf_13,2025-01-17,HPG,49855234,0,0,49855234,0,0,0,false,
TRIAL5-HSX-ROTATION-LONG-GRID,wf_13,2025-01-20,HPG,49855234,0,0,49855234,0,0,0,false,
TRIAL5-HSX-ROTATION-LONG-GRID,wf_13,2025-01-21,HPG,49855234,0,0,49855234,0,0,0,false,
TRIAL5-HSX-ROTATION-LONG-GRID,wf_13,2025-01-22,HPG,49855234,0,0,49855234,0,0,0,false,
TRIAL5-HSX-ROTATION-LONG-GRID,wf_13,2025-01-23,HPG,49855234,0,0,49855234,0,0,0,false,
TRIAL5-HSX-ROTATION-LONG-GRID,wf_13,2025-01-24,HPG,49855234,0,0,49855234,0,0,0,false,
TRIAL5-HSX-ROTATION-LONG-GRID,wf_13,2025-02-03,HPG,49855234,0,0,49855234,0,0,0,false,
TRIAL5-HSX-ROTATION-LONG-GRID,wf_13,2025-02-04,HPG,49855234,0,0,49855234,0,0,0,false,
TRIAL5-HSX-ROTATION-LONG-GRID,wf_13,2025-02-05,HPG,49855234,0,0,49855234,0,0,0,false,
TRIAL5-HSX-ROTATION-LONG-GRID,wf_13,2025-02-06,HPG,49855234,0,0,49855234,0,0,0,false,
TRIAL5-HSX-ROTATION-LONG-GRID,wf_13,2025-02-07,HPG,49855234,0,0,49855234,0,0,0,false,
TRIAL5-HSX-ROTATION-LONG-GRID,wf_13,2025-02-10,HPG,49855234,0,0,49855234,0,0,0,false,
TRIAL5-HSX-ROTATION-LONG-GRID,wf_13,2025-02-11,HPG,49855234,0,0,49855234,0,0,0,false,
TRIAL5-HSX-ROTATION-LONG-GRID,wf_13,2025-02-12,HPG,49855234,0,0,49855234,0,0,0,false,
TRIAL5-HSX-ROTATION-LONG-GRID,wf_13,2025-02-13,HPG,49855234,0,0,49855234,0,0,0,false,
TRIAL5-HSX-ROTATION-LONG-GRID,wf_13,2025-02-14,HPG,49855234,0,0,49855234,0,0,0,false,
TRIAL5-HSX-ROTATION-LONG-GRID,wf_13,2025-02-17,HPG,49855234,0,0,49855234,0,0,0,false,
TRIAL5-HSX-ROTATION-LONG-GRID,wf_13,2025-02-18,HPG,49855234,0,0,49855234,0,0,0,false,
TRIAL5-HSX-ROTATION-LONG-GRID,wf_13,2025-02-19,HPG,49855234,0,0,49855234,0,0,0,false,
TRIAL5-HSX-ROTATION-LONG-GRID,wf_13,2025-02-20,HPG,49855234,0,0,49855234,0,0,0,false,
TRIAL5-HSX-ROTATION-LONG-GRID,wf_13,2025-02-21,HPG,49855234,0,0,49855234,0,0,0,false,
TRIAL5-HSX-ROTATION-LONG-GRID,wf_13,2025-02-24,HPG,49855234,0,0,49855234,0,0,0,false,
TRIAL5-HSX-ROTATION-LONG-GRID,wf_13,2025-02-25,HPG,49855234,0,0,49855234,0,0,0,false,
TRIAL5-HSX-ROTATION-LONG-GRID,wf_13,2025-02-26,HPG,49855234,0,0,49855234,0,0,0,true,scheduled_rotation_exit
TRIAL5-HSX-ROTATION-LONG-GRID,wf_13,2025-02-27,HPG,49855234,0,0,49855234,0,0,0,true,scheduled_rotation_exit
TRIAL5-HSX-ROTATION-LONG-GRID,wf_13,2025-02-28,HPG,49855234,0,0,49855234,0,0,0,true,scheduled_rotation_exit
TRIAL5-HSX-ROTATION-LONG-GRID,wf_14,2025-03-03,TCB,49676096,0,0,49676096,0,0,0,false,
TRIAL5-HSX-ROTATION-LONG-GRID,wf_14,2025-03-04,TCB,49676096,0,0,49676096,0,0,0,false,
TRIAL5-HSX-ROTATION-LONG-GRID,wf_14,2025-03-05,TCB,49676096,0,0,49676096,0,0,0,false,
TRIAL5-HSX-ROTATION-LONG-GRID,wf_14,2025-03-06,TCB,49676096,0,0,49676096,0,0,0,false,
TRIAL5-HSX-ROTATION-LONG-GRID,wf_14,2025-03-07,TCB,49676096,0,0,49676096,0,0,0,false,
TRIAL5-HSX-ROTATION-LONG-GRID,wf_14,2025-03-10,TCB,49676096,0,0,49676096,0,0,0,false,
TRIAL5-HSX-ROTATION-LONG-GRID,wf_14,2025-03-11,TCB,49676096,0,0,49676096,0,0,0,false,
TRIAL5-HSX-ROTATION-LONG-GRID,wf_14,2025-03-12,TCB,49676096,0,0,49676096,0,0,0,false,
TRIAL5-HSX-ROTATION-LONG-GRID,wf_14,2025-03-13,TCB,49676096,0,0,49676096,0,0,0,false,
TRIAL5-HSX-ROTATION-LONG-GRID,wf_14,2025-03-14,TCB,49676096,0,0,49676096,0,0,0,false,
TRIAL5-HSX-ROTATION-LONG-GRID,wf_14,2025-03-17,TCB,49676096,0,0,49676096,0,0,0,false,
TRIAL5-HSX-ROTATION-LONG-GRID,wf_14,2025-03-18,TCB,49676096,0,0,49676096,0,0,0,false,
TRIAL5-HSX-ROTATION-LONG-GRID,wf_14,2025-03-19,TCB,49676096,0,0,49676096,0,0,0,false,
TRIAL5-HSX-ROTATION-LONG-GRID,wf_14,2025-03-20,TCB,49676096,0,0,49676096,0,0,0,false,
TRIAL5-HSX-ROTATION-LONG-GRID,wf_14,2025-03-21,TCB,49676096,0,0,49676096,0,0,0,false,
TRIAL5-HSX-ROTATION-LONG-GRID,wf_14,2025-03-24,TCB,49676096,0,0,49676096,0,0,0,false,
TRIAL5-HSX-ROTATION-LONG-GRID,wf_14,2025-03-25,TCB,49676096,0,0,49676096,0,0,0,false,
TRIAL5-HSX-ROTATION-LONG-GRID,wf_14,2025-03-26,TCB,49676096,0,0,49676096,0,0,0,false,
TRIAL5-HSX-ROTATION-LONG-GRID,wf_14,2025-03-27,TCB,49676096,0,0,49676096,0,0,0,false,
TRIAL5-HSX-ROTATION-LONG-GRID,wf_14,2025-03-28,TCB,49676096,0,0,49676096,0,0,0,false,
TRIAL5-HSX-ROTATION-LONG-GRID,wf_14,2025-03-31,TCB,49676096,0,0,49676096,0,0,0,false,
TRIAL5-HSX-ROTATION-LONG-GRID,wf_14,2025-04-01,TCB,49676096,0,0,49676096,0,0,0,false,
TRIAL5-HSX-ROTATION-LONG-GRID,wf_14,2025-04-02,TCB,49676096,0,0,49676096,0,0,0,false,
TRIAL5-HSX-ROTATION-LONG-GRID,wf_14,2025-04-03,TCB,49676096,0,0,49676096,0,0,0,false,
TRIAL5-HSX-ROTATION-LONG-GRID,wf_14,2025-04-04,TCB,49676096,0,0,49676096,0,0,0,false,
TRIAL5-HSX-ROTATION-LONG-GRID,wf_14,2025-04-08,TCB,49676096,0,0,49676096,0,0,0,false,
TRIAL5-HSX-ROTATION-LONG-GRID,wf_14,2025-04-09,TCB,49676096,0,0,49676096,0,0,0,true,prior_close_below_grid
TRIAL5-HSX-ROTATION-LONG-GRID,wf_14,2025-04-10,TCB,49676096,0,0,49676096,0,0,0,true,prior_close_below_grid
TRIAL5-HSX-ROTATION-LONG-GRID,wf_14,2025-04-11,TCB,49676096,0,0,49676096,0,0,0,true,prior_close_below_grid
TRIAL5-HSX-ROTATION-LONG-GRID,wf_14,2025-04-14,TCB,49676096,0,0,49676096,0,0,0,true,prior_close_below_grid
TRIAL5-HSX-ROTATION-LONG-GRID,wf_14,2025-04-15,TCB,49676096,0,0,49676096,0,0,0,true,prior_close_below_grid
TRIAL5-HSX-ROTATION-LONG-GRID,wf_14,2025-04-16,TCB,49676096,0,0,49676096,0,0,0,true,prior_close_below_grid
TRIAL5-HSX-ROTATION-LONG-GRID,wf_14,2025-04-17,TCB,49676096,0,0,49676096,0,0,0,true,prior_close_below_grid
TRIAL5-HSX-ROTATION-LONG-GRID,wf_14,2025-04-18,TCB,49676096,0,0,49676096,0,0,0,true,prior_close_below_grid
TRIAL5-HSX-ROTATION-LONG-GRID,wf_14,2025-04-21,TCB,49676096,0,0,49676096,0,0,0,true,prior_close_below_grid
TRIAL5-HSX-ROTATION-LONG-GRID,wf_14,2025-04-22,TCB,49676096,0,0,49676096,0,0,0,true,prior_close_below_grid
TRIAL5-HSX-ROTATION-LONG-GRID,wf_14,2025-04-23,TCB,49676096,0,0,49676096,0,0,0,true,prior_close_below_grid
TRIAL5-HSX-ROTATION-LONG-GRID,wf_14,2025-04-24,TCB,49676096,0,0,49676096,0,0,0,true,prior_close_below_grid
TRIAL5-HSX-ROTATION-LONG-GRID,wf_14,2025-04-25,TCB,49676096,0,0,49676096,0,0,0,true,prior_close_below_grid
TRIAL5-HSX-ROTATION-LONG-GRID,wf_14,2025-04-28,TCB,49676096,0,0,49676096,0,0,0,true,prior_close_below_grid
TRIAL5-HSX-ROTATION-LONG-GRID,wf_14,2025-04-29,TCB,49676096,0,0,49676096,0,0,0,true,prior_close_below_grid
TRIAL5-HSX-ROTATION-LONG-GRID,wf_14,2025-03-03,HPG,49676096,0,0,49676096,0,0,0,false,
TRIAL5-HSX-ROTATION-LONG-GRID,wf_14,2025-03-04,HPG,49676096,0,0,49676096,0,0,0,false,
TRIAL5-HSX-ROTATION-LONG-GRID,wf_14,2025-03-05,HPG,49676096,0,0,49676096,0,0,0,false,
TRIAL5-HSX-ROTATION-LONG-GRID,wf_14,2025-03-06,HPG,49676096,0,0,49676096,0,0,0,false,
TRIAL5-HSX-ROTATION-LONG-GRID,wf_14,2025-03-07,HPG,49676096,0,0,49676096,0,0,0,false,
TRIAL5-HSX-ROTATION-LONG-GRID,wf_14,2025-03-10,HPG,49676096,0,0,49676096,0,0,0,false,
TRIAL5-HSX-ROTATION-LONG-GRID,wf_14,2025-03-11,HPG,49676096,0,0,49676096,0,0,0,false,
TRIAL5-HSX-ROTATION-LONG-GRID,wf_14,2025-03-12,HPG,49676096,0,0,49676096,0,0,0,false,
TRIAL5-HSX-ROTATION-LONG-GRID,wf_14,2025-03-13,HPG,49676096,0,0,49676096,0,0,0,false,
TRIAL5-HSX-ROTATION-LONG-GRID,wf_14,2025-03-14,HPG,49676096,0,0,49676096,0,0,0,false,
TRIAL5-HSX-ROTATION-LONG-GRID,wf_14,2025-03-17,HPG,49676096,0,0,49676096,0,0,0,false,
TRIAL5-HSX-ROTATION-LONG-GRID,wf_14,2025-03-18,HPG,49676096,0,0,49676096,0,0,0,false,
TRIAL5-HSX-ROTATION-LONG-GRID,wf_14,2025-03-19,HPG,44167846,0,5426400,49594246,200,0,200,false,
TRIAL5-HSX-ROTATION-LONG-GRID,wf_14,2025-03-20,HPG,44167846,0,5406450,49574296,200,0,200,false,
TRIAL5-HSX-ROTATION-LONG-GRID,wf_14,2025-03-21,HPG,44167846,0,5406450,49574296,200,200,0,false,
TRIAL5-HSX-ROTATION-LONG-GRID,wf_14,2025-03-24,HPG,44167846,0,5406450,49574296,200,200,0,false,
TRIAL5-HSX-ROTATION-LONG-GRID,wf_14,2025-03-25,HPG,44167846,0,5416425,49584271,200,200,0,false,
TRIAL5-HSX-ROTATION-LONG-GRID,wf_14,2025-03-26,HPG,44167846,0,5486250,49654096,200,200,0,false,
TRIAL5-HSX-ROTATION-LONG-GRID,wf_14,2025-03-27,HPG,44167846,0,5476275,49644121,200,200,0,false,
TRIAL5-HSX-ROTATION-LONG-GRID,wf_14,2025-03-28,HPG,44167846,0,5406450,49574296,200,200,0,false,
TRIAL5-HSX-ROTATION-LONG-GRID,wf_14,2025-03-31,HPG,44167846,0,5326650,49494496,200,200,0,false,
TRIAL5-HSX-ROTATION-LONG-GRID,wf_14,2025-04-01,HPG,44167846,0,5376525,49544371,200,200,0,false,
TRIAL5-HSX-ROTATION-LONG-GRID,wf_14,2025-04-02,HPG,44167846,0,5426400,49594246,200,200,0,false,
TRIAL5-HSX-ROTATION-LONG-GRID,wf_14,2025-04-03,HPG,44167846,0,5047350,49215196,200,200,0,false,
TRIAL5-HSX-ROTATION-LONG-GRID,wf_14,2025-04-04,HPG,44167846,4748100,0,48915946,0,0,0,true,prior_close_below_grid
TRIAL5-HSX-ROTATION-LONG-GRID,wf_14,2025-04-08,HPG,44167846,4748100,0,48915946,0,0,0,true,prior_close_below_grid
TRIAL5-HSX-ROTATION-LONG-GRID,wf_14,2025-04-09,HPG,48915946,0,0,48915946,0,0,0,true,prior_close_below_grid
TRIAL5-HSX-ROTATION-LONG-GRID,wf_14,2025-04-10,HPG,48915946,0,0,48915946,0,0,0,true,prior_close_below_grid
TRIAL5-HSX-ROTATION-LONG-GRID,wf_14,2025-04-11,HPG,48915946,0,0,48915946,0,0,0,true,prior_close_below_grid
TRIAL5-HSX-ROTATION-LONG-GRID,wf_14,2025-04-14,HPG,48915946,0,0,48915946,0,0,0,true,prior_close_below_grid
TRIAL5-HSX-ROTATION-LONG-GRID,wf_14,2025-04-15,HPG,48915946,0,0,48915946,0,0,0,true,prior_close_below_grid
TRIAL5-HSX-ROTATION-LONG-GRID,wf_14,2025-04-16,HPG,48915946,0,0,48915946,0,0,0,true,prior_close_below_grid
TRIAL5-HSX-ROTATION-LONG-GRID,wf_14,2025-04-17,HPG,48915946,0,0,48915946,0,0,0,true,prior_close_below_grid
TRIAL5-HSX-ROTATION-LONG-GRID,wf_14,2025-04-18,HPG,48915946,0,0,48915946,0,0,0,true,prior_close_below_grid
TRIAL5-HSX-ROTATION-LONG-GRID,wf_14,2025-04-21,HPG,48915946,0,0,48915946,0,0,0,true,prior_close_below_grid
TRIAL5-HSX-ROTATION-LONG-GRID,wf_14,2025-04-22,HPG,48915946,0,0,48915946,0,0,0,true,prior_close_below_grid
TRIAL5-HSX-ROTATION-LONG-GRID,wf_14,2025-04-23,HPG,48915946,0,0,48915946,0,0,0,true,prior_close_below_grid
TRIAL5-HSX-ROTATION-LONG-GRID,wf_14,2025-04-24,HPG,48915946,0,0,48915946,0,0,0,true,prior_close_below_grid
TRIAL5-HSX-ROTATION-LONG-GRID,wf_14,2025-04-25,HPG,48915946,0,0,48915946,0,0,0,true,prior_close_below_grid
TRIAL5-HSX-ROTATION-LONG-GRID,wf_14,2025-04-28,HPG,48915946,0,0,48915946,0,0,0,true,prior_close_below_grid
TRIAL5-HSX-ROTATION-LONG-GRID,wf_14,2025-04-29,HPG,48915946,0,0,48915946,0,0,0,true,prior_close_below_grid
