trial_id,fold_id,tickersymbol,cost_scenario,event_time,side,reason,level_id,quantity,reference_book_price_vnd,execution_price_vnd,execution_friction_vnd,settlement_locked_at_risk_trigger,gross_notional_vnd,commission_vnd,sell_tax_vnd,cash_change_vnd,realized_pnl_vnd,settlement_time,total_quantity_after,tradeable_quantity_after,locked_quantity_after,available_cash_after_vnd,pending_cash_after_vnd
TRIAL5-HSX-ROTATION-LONG-GRID,wf_08,MBB,primary,2024-03-14T13:38:00,BUY,grid_buy,0,300,23600,23600,0,false,7080000,10620,0,-7090620,,2024-03-18T13:00:00,300,0,300,42909380,0
TRIAL5-HSX-ROTATION-LONG-GRID,wf_08,MBB,primary,2024-03-20T10:46:00,SELL,grid_target,0,300,24200,24150,15000,false,7245000,10868,7245,7226887,136267,2024-03-22T13:00:00,0,0,0,42909380,7226887
TRIAL5-HSX-ROTATION-LONG-GRID,wf_08,MBB,primary,2024-04-05T09:15:00,BUY,grid_buy,0,300,23500,23550,15000,false,7065000,10598,0,-7075598,,2024-04-09T13:00:00,300,0,300,43060669,0
TRIAL5-HSX-ROTATION-LONG-GRID,wf_08,MBB,primary,2024-04-10T09:15:00,SELL,grid_target,0,300,24250,24200,15000,false,7260000,10890,7260,7241850,166252,2024-04-12T13:00:00,0,0,0,43060669,7241850
TRIAL5-HSX-ROTATION-LONG-GRID,wf_08,HPG,primary,2024-03-08T10:20:00,BUY,grid_buy,0,200,30500,30500,0,false,6100000,9150,0,-6109150,,2024-03-12T13:00:00,200,0,200,43890850,0
TRIAL5-HSX-ROTATION-LONG-GRID,wf_08,HPG,primary,2024-03-27T09:22:00,SELL,grid_target,0,200,31050,31000,10000,false,6200000,9300,6200,6184500,75350,2024-03-29T13:00:00,0,0,0,43890850,6184500
TRIAL5-HSX-ROTATION-LONG-GRID,wf_08,HPG,primary,2024-03-29T13:01:00,BUY,grid_buy,0,200,30350,30400,10000,false,6080000,9120,0,-6089120,,2024-04-02T13:00:00,200,0,200,43986230,0
TRIAL5-HSX-ROTATION-LONG-GRID,wf_08,HPG,primary,2024-04-08T09:15:00,SELL,prior_close_below_grid,0,200,29450,29400,10000,false,5880000,8820,5880,5865300,-223820,2024-04-10T13:00:00,0,0,0,43986230,5865300
TRIAL5-HSX-ROTATION-LONG-GRID,wf_08,MBB,doubled,2024-03-14T13:38:00,BUY,grid_buy,0,300,23600,23600,0,false,7080000,21240,0,-7101240,,2024-03-18T13:00:00,300,0,300,42898760,0
TRIAL5-HSX-ROTATION-LONG-GRID,wf_08,MBB,doubled,2024-03-20T10:46:00,SELL,grid_target,0,300,24200,24150,15000,false,7245000,21735,7245,7216020,114780,2024-03-22T13:00:00,0,0,0,42898760,7216020
TRIAL5-HSX-ROTATION-LONG-GRID,wf_08,MBB,doubled,2024-04-05T09:15:00,BUY,grid_buy,0,300,23500,23550,15000,false,7065000,21195,0,-7086195,,2024-04-09T13:00:00,300,0,300,43028585,0
TRIAL5-HSX-ROTATION-LONG-GRID,wf_08,MBB,doubled,2024-04-10T09:15:00,SELL,grid_target,0,300,24250,24200,15000,false,7260000,21780,7260,7230960,144765,2024-04-12T13:00:00,0,0,0,43028585,7230960
TRIAL5-HSX-ROTATION-LONG-GRID,wf_08,HPG,doubled,2024-03-08T10:20:00,BUY,grid_buy,0,200,30500,30500,0,false,6100000,18300,0,-6118300,,2024-03-12T13:00:00,200,0,200,43881700,0
TRIAL5-HSX-ROTATION-LONG-GRID,wf_08,HPG,doubled,2024-03-27T09:22:00,SELL,grid_target,0,200,31050,31000,10000,false,6200000,18600,6200,6175200,56900,2024-03-29T13:00:00,0,0,0,43881700,6175200
TRIAL5-HSX-ROTATION-LONG-GRID,wf_08,HPG,doubled,2024-03-29T13:01:00,BUY,grid_buy,0,200,30350,30400,10000,false,6080000,18240,0,-6098240,,2024-04-02T13:00:00,200,0,200,43958660,0
TRIAL5-HSX-ROTATION-LONG-GRID,wf_08,HPG,doubled,2024-04-08T09:15:00,SELL,prior_close_below_grid,0,200,29450,29400,10000,false,5880000,17640,5880,5856480,-241760,2024-04-10T13:00:00,0,0,0,43958660,5856480
TRIAL5-HSX-ROTATION-LONG-GRID,wf_10,VPB,primary,2024-08-05T13:01:00,BUY,grid_buy,0,400,18100,18100,0,false,7240000,10860,0,-7250860,,2024-08-07T13:00:00,400,0,400,42826164,0
TRIAL5-HSX-ROTATION-LONG-GRID,wf_10,VPB,primary,2024-08-21T10:13:00,SELL,grid_target,0,400,18650,18650,0,false,7460000,11190,7460,7441350,190490,2024-08-23T13:00:00,0,0,0,42826164,7441350
TRIAL5-HSX-ROTATION-LONG-GRID,wf_10,VPB,doubled,2024-08-05T13:01:00,BUY,grid_buy,0,400,18100,18100,0,false,7240000,21720,0,-7261720,,2024-08-07T13:00:00,400,0,400,42815304,0
TRIAL5-HSX-ROTATION-LONG-GRID,wf_10,VPB,doubled,2024-08-21T10:13:00,SELL,grid_target,0,400,18650,18650,0,false,7460000,22380,7460,7430160,168440,2024-08-23T13:00:00,0,0,0,42815304,7430160
TRIAL5-HSX-ROTATION-LONG-GRID,wf_11,MWG,primary,2024-09-05T10:47:00,BUY,grid_buy,0,100,68200,68300,10000,false,6830000,10245,0,-6840245,,2024-09-09T13:00:00,100,0,100,43332024,0
TRIAL5-HSX-ROTATION-LONG-GRID,wf_11,MWG,primary,2024-10-09T09:15:00,SELL,prior_close_below_grid,0,100,65000,64900,10000,false,6490000,9735,6490,6473775,-366470,2024-10-11T13:00:00,0,0,0,43332024,6473775
TRIAL5-HSX-ROTATION-LONG-GRID,wf_11,MWG,doubled,2024-09-05T10:47:00,BUY,grid_buy,0,100,68200,68300,10000,false,6830000,20490,0,-6850490,,2024-09-09T13:00:00,100,0,100,43321779,0
TRIAL5-HSX-ROTATION-LONG-GRID,wf_11,MWG,doubled,2024-10-09T09:15:00,SELL,prior_close_below_grid,0,100,65000,64900,10000,false,6490000,19470,6490,6464040,-386450,2024-10-11T13:00:00,0,0,0,43321779,6464040
TRIAL5-HSX-ROTATION-LONG-GRID,wf_12,TCB,primary,2024-11-08T14:11:00,BUY,grid_buy,0,300,23500,23500,0,false,7050000,10575,0,-7060575,,2024-11-12T13:00:00,300,0,300,42928459,0
TRIAL5-HSX-ROTATION-LONG-GRID,wf_12,TCB,primary,2024-11-15T09:15:00,SELL,prior_close_below_grid,0,300,22750,22700,15000,false,6810000,10215,6810,6792975,-267600,2024-11-19T13:00:00,0,0,0,42928459,6792975
TRIAL5-HSX-ROTATION-LONG-GRID,wf_12,TCB,doubled,2024-11-08T14:11:00,BUY,grid_buy,0,300,23500,23500,0,false,7050000,21150,0,-7071150,,2024-11-12T13:00:00,300,0,300,42917884,0
TRIAL5-HSX-ROTATION-LONG-GRID,wf_12,TCB,doubled,2024-11-15T09:15:00,SELL,prior_close_below_grid,0,300,22750,22700,15000,false,6810000,20430,6810,6782760,-288390,2024-11-19T13:00:00,0,0,0,42917884,6782760
TRIAL5-HSX-ROTATION-LONG-GRID,wf_13,TCB,primary,2025-01-03T09:27:00,BUY,grid_buy,0,300,24250,24250,0,false,7275000,10913,0,-7285913,,2025-01-07T13:00:00,300,0,300,42569321,0
TRIAL5-HSX-ROTATION-LONG-GRID,wf_13,TCB,primary,2025-01-13T09:15:00,SELL,prior_close_below_grid,0,300,23200,23150,15000,false,6945000,10418,6945,6927637,-358276,2025-01-15T13:00:00,0,0,0,42569321,6927637
TRIAL5-HSX-ROTATION-LONG-GRID,wf_13,TCB,doubled,2025-01-03T09:27:00,BUY,grid_buy,0,300,24250,24250,0,false,7275000,21825,0,-7296825,,2025-01-07T13:00:00,300,0,300,42558409,0
TRIAL5-HSX-ROTATION-LONG-GRID,wf_13,TCB,doubled,2025-01-13T09:15:00,SELL,prior_close_below_grid,0,300,23200,23150,15000,false,6945000,20835,6945,6917220,-379605,2025-01-15T13:00:00,0,0,0,42558409,6917220
TRIAL5-HSX-ROTATION-LONG-GRID,wf_14,HPG,primary,2025-03-19T09:17:00,BUY,grid_buy,0,200,27500,27500,0,false,5500000,8250,0,-5508250,,2025-03-21T13:00:00,200,0,200,44167846,0
TRIAL5-HSX-ROTATION-LONG-GRID,wf_14,HPG,primary,2025-04-04T09:15:00,SELL,prior_close_below_grid,0,200,23850,23800,10000,false,4760000,7140,4760,4748100,-760150,2025-04-09T13:00:00,0,0,0,44167846,4748100
TRIAL5-HSX-ROTATION-LONG-GRID,wf_14,HPG,doubled,2025-03-19T09:17:00,BUY,grid_buy,0,200,27500,27500,0,false,5500000,16500,0,-5516500,,2025-03-21T13:00:00,200,0,200,44159596,0
TRIAL5-HSX-ROTATION-LONG-GRID,wf_14,HPG,doubled,2025-04-04T09:15:00,SELL,prior_close_below_grid,0,200,23850,23800,10000,false,4760000,14280,4760,4740960,-775540,2025-04-09T13:00:00,0,0,0,44159596,4740960
